StudyID_IDALL,Authors,Year,Title,Citation
671,"Xing H., Liu D.L., Li G., Wang B., Anwar M.R., Crean J., Lines-Kelly R., Yu Q.",2017,"Incorporating grain legumes in cereal-based cropping systems to improve profitability in southern New South Wales, Australia","Xing, H., Liu, D. L., Li, G., Wang, B., Anwar, M. R., Crean, J., . . . Yu, Q. (2017). Incorporating grain legumes in cereal-based cropping systems to improve profitability in southern New South Wales, Australia. Agricultural Systems, 154, 112-123. doi:10.1016/j.agsy.2017.03.010"
170,"Ewing M.A., Bathgate A.D., French R.J., Revell C.K.",1992,The Role of Crop and Pasture Legumes in Rotations on Duplex Soils,"Ewing, M. A., Bathgate, A. D., French, R. J., & Revell, C. K. (1992). The Role of Crop and Pasture Legumes in Rotations on Duplex Soils. Australian Journal of Experimental Agriculture, 32(7), 971-979. doi:10.1071/EA9920971"
618,"Thomas G.A., Dalal R.C., Weston E.J., King A.J., Holmes C.J., Orange D.N., Lehane K.J.",2011,Crop rotations for sustainable grain production on a vertisol in the semi-arid subtropics,"Thomas, G. A., Dalal, R. C., Weston, E. J., King, A. J., Holmes, C. J., Orange, D. N., & Lehane, K. J. (2010). Crop Rotations for Sustainable Grain Production on a Vertisol in the Semi-Arid Subtropics. Journal of Sustainable Agriculture, 35(1), 2-26. doi:10.1080/10440046.2011.530195"
418,"Nel A.A., Purchase J.L., Barnard A.",2003,Productivity and stability of grain yield in wheat and maize as affected by rotational cropping systems in the eastern Free State,"Nel, A. A., Purchase, J. L., & Barnard, A. (2013). Productivity and stability of grain yield in wheat and maize as affected by rotational cropping systems in the eastern Free State. South African Journal of Plant and Soil, 20(2), 81-86. doi:10.1080/02571862.2003.10634913"
321,"Kutu F.R., Asiwe J.A.N.",2010,Assessment of maize and dry bean productivity under different intercrop systems and fertilization regimes,"Kutu, F. R., & Asiwe, J. A. N. (2010). Assessment of maize and dry bean productivity under different intercrop systems and fertilization regimes. African Journal of Agricultural Research, 5(13), 1627-1631."
329,"Lengwati D.M., Mathews C., Dakora F.D.",2020,Rotation Benefits From N2-Fixing Grain Legumes to Cereals: From Increases in Seed Yield and Quality to Greater Household Cash-Income by a Following Maize Crop,"Lengwati, D. M., Mathews, C., & Dakora, F. D. (2020). Rotation Benefits From N2-Fixing Grain Legumes to Cereals: From Increases in Seed Yield and Quality to Greater Household Cash-Income by a Following Maize Crop. Frontiers in Sustainable Food Systems, 4. doi:10.3389/fsufs.2020.00094"
217,"Halpin N.V., Wang W., Rehbein W.E., Reeves S.H.",2015,Sugarcane productivity response to different fallow and soybean residue management practices in the Bundaberg district,"Halpin, N. V., Wang, W., Rehbein, W. E., & Reeves, S. H. (2015). Sugarcane productivity response to different fallow and soybean residue management practices in the Bundaberg district. 37th Annual Conference of the Australian Society of Sugar Cane Technologists, ASSCT 2015, 23-32."
770,"Cox, H. W., Kelly, R. M., & Strong, W. M. (2010).",2010,Pulse crops in rotation with cereals can be a profitable alternative to nitrogen fertiliser in central Queensland,"Cox, H. W., Kelly, R. M., & Strong, W. M. (2010). Pulse crops in rotation with cereals can be a profitable alternative to nitrogen fertiliser in central Queensland. Crop & Pasture Science, 61(9), 752-762. doi:10.1071/cp09352"
172,"Faleiros G.D., Santos D.F.L., Conceição E.V., Corá J.E.",2020,Economic analysis of soybean-maize crop rotation in a no-tillage system,"Faleiros, G. D., Santos, D. F. L., Conceição, E. V., & Corá, J. E. (2020). Economic analysis of soybean-maize crop rotation in a no-tillage system. Custos e Agronegocio, 16(Special Issue), 28-56."
506,"Ripoche A., Autfray P., Rabary B., Randriamanantsoa R., Blanchart E., Trap J., Sauvadet M., Becquer T., Letourmy P.",2021,Increasing plant diversity promotes ecosystem functions in rainfed rice based short rotations in Malagasy highlands,"Ripoche, A., Autfray, P., Rabary, B., Randriamanantsoa, R., Blanchart, E., Trap, J., . . . Letourmy, P. (2021). Increasing plant diversity promotes ecosystem functions in rainfed rice based short rotations in Malagasy highlands. Agriculture, Ecosystems & Environment, 320. doi:10.1016/j.agee.2021.107576"
514,"Rusinamhodzi L., Corbeels M., Nyamangara J., Giller K.E.",2012,Maize-grain legume intercropping is an attractive option for ecological intensification that reduces climatic risk for smallholder farmers in central Mozambique,"Rusinamhodzi, L., Corbeels, M., Nyamangara, J., & Giller, K. E. (2012). Maize–grain legume intercropping is an attractive option for ecological intensification that reduces climatic risk for smallholder farmers in central Mozambique. Field Crops Research, 136, 12-22. doi:10.1016/j.fcr.2012.07.014"
396,"Mudita I.I., Chiduza C., Richardson-Kageler S., Murungu F.S.",2008,Evaluation of different strategies of intercropping maize (Zea mays L.) and soya bean (Glycine max (L.) Merrill) under small-holder production in sub-humid Zimbabwe,"Mudita, I. I., Chiduza, C., Richardson, S., & Murungu, F. S. (2008). Evaluation of Different Strategies of Intercropping Maize (Zea mays L.) and Soya Bean (Glycine max (L.) Merrill) Under Small-Holder Production in Sub-Humid Zimbabwe. Journal of Agronomy, 7(3), 237-243. doi:10.3923/ja.2008.237.243"
707,"Zingore S, Murwira HK, Delve RJ, Giller KE",2008,"Variable grain legume yields, responses to phosphorus and rotational effects on maize across soil fertility gradients on African smallholder farms","Zingore, S., Murwira, H. K., Delve, R. J., & Giller, K. E. (2008). Variable grain legume yields, responses to phosphorus and rotational effects on maize across soil fertility gradients on African smallholder farms. Nutrient Cycling in Agroecosystems, 80(1), 1-18. doi:10.1007/s10705-007-9117-3"
70,"Bezner Kerr R., Kangmennaang J., Dakishoni L., Nyantakyi-Frimpong H., Lupafya E., Shumba L., Msachi R., Boateng G.O., Snapp S.S., Chitaya A., Maona E., Gondwe T., Nkhonjera P., Luginaah I.",2019,Participatory agroecological research on climate change adaptation improves smallholder farmer household food security and dietary diversity in Malawi,"Bezner Kerr, R., Kangmennaang, J., Dakishoni, L., Nyantakyi-Frimpong, H., Lupafya, E., Shumba, L., . . . Luginaah, I. (2019). Participatory agroecological research on climate change adaptation improves smallholder farmer household food security and dietary diversity in Malawi. Agriculture, Ecosystems and Environment, 279, 109-121. doi:10.1016/j.agee.2019.04.004"
583,"Snapp S.S., Blackie M.J., Gilbert R.A., Bezner-Kerr R., Kanyama-Phiri G.Y.",2010,Biodiversity can support a greener revolution in Africa,"Snapp, S. S., Blackie, M. J., Gilbert, R. A., Bezner-Kerr, R., & Kanyama-Phiri, G. Y. (2010). Biodiversity can support a greener revolution in Africa. Proc Natl Acad Sci U S A, 107(48), 20840-20845. doi:10.1073/pnas.1007199110"
423,"Ngwira A.R., Aune J.B., Mkwinda S.",2012,On-farm evaluation of yield and economic benefit of short term maize legume intercropping systems under conservation agriculture in Malawi,"Ngwira, A. R., Aune, J. B., & Mkwinda, S. (2012). On-farm evaluation of yield and economic benefit of short term maize legume intercropping systems under conservation agriculture in Malawi. Field Crops Research, 132, 149-157. doi:10.1016/j.fcr.2011.12.014"
582,"Snapp S.S., Grabowski P., Chikowo R., Smith A., Anders E., Sirrine D., Chimonyo V., Bekunda M.",2018,"Maize yield and profitability tradeoffs with social, human and environmental performance: Is sustainable intensification feasible?","Snapp, S. S., Grabowski, P., Chikowo, R., Smith, A., Anders, E., Sirrine, D., . . . Bekunda, M. (2018). Maize yield and profitability tradeoffs with social, human and environmental performance: Is sustainable intensification feasible? Agricultural Systems, 162, 77-88. doi:10.1016/j.agsy.2018.01.012"
616,"Thierfelder C., Cheesman S., Rusinamhodzi L.",2013,Benefits and challenges of crop rotations in maize-based conservation agriculture (CA) cropping systems of southern Africa,"Thierfelder, C., Cheesman, S., & Rusinamhodzi, L. (2012). Benefits and challenges of crop rotations in maize-based conservation agriculture (CA) cropping systems of southern Africa. International Journal of Agricultural Sustainability, 11(2), 108-124. doi:10.1080/14735903.2012.703894"
357,"Maggio G., Asfaw S.",2020,Heterogeneous effects of sustainable agriculture practices: Micro-evidence from Malawi,"Maggio, G., & Asfaw, S. (2020). Heterogeneous Effects of Sustainable Agriculture Practices: Micro-evidence from Malawi. Journal of African Economies, 29(4), 333-374. doi:10.1093/jae/ejz030"
422,"Ngwira A.R., Thierfelder C., Lambert D.M.",2013,"Conservation agriculture systems for Malawian smallholder farmers: Long-term effects on crop productivity, profitability and soil quality","Ngwira, A. R., Thierfelder, C., & Lambert, D. M. (2012). Conservation agriculture systems for Malawian smallholder farmers: long-term effects on crop productivity, profitability and soil quality. Renewable Agriculture and Food Systems, 28(4), 350-363. doi:10.1017/s1742170512000257"
283,"Kerr R.B., Snapp S., Chirwa M., Shumba L., Msachi R.",2007,Participatory research on legume diversification with Malawian smallholder farmers for improved human nutrition and soil fertility,"Kerr, R. B., Snapp, S., Chirwa, M., Shumba, L., & Msachi, R. (2007). Participatory research on legume diversification with Malawian smallholder farmers for improved human nutrition and soil fertility. Experimental Agriculture, 43(4), 437-453. doi:10.1017/S0014479707005339"
251,"Islami T., Guritno B., Utomo W.H.",2011,"Performance of cassava (Manihot esculenta Crantz) based cropping systems and associated soil quality changes in the degraded tropical uplands of East Java, Indonesia","Islami, T., Guritno, B., & Utomo, W. H. (2011). Performance of cassava (Manihot esculenta Crantz) based cropping systems and associated soil quality changes in the degraded tropical uplands of East Java, Indonesia. Journal of Tropical Agriculture, 49, 31-39."
521,"Saidia P.S., Asch F., Kimaro A.A., Germer J., Kahimba F.C., Graef F., Semoka J.M.R., Rweyemamu C.L.",2019,Soil moisture management and fertilizer micro-dosing on yield and land utilization efficiency of inter-cropping maize-pigeon-pea in sub humid Tanzania,"Saidia, P. S., Asch, F., Kimaro, A. A., Germer, J., Kahimba, F. C., Graef, F., . . . Rweyemamu, C. L. (2019). Soil moisture management and fertilizer micro-dosing on yield and land utilization efficiency of inter-cropping maize-pigeon-pea in sub humid Tanzania. Agricultural Water Management, 223. doi:10.1016/j.agwat.2019.105712"
220,"Harsono A., Elisabeth D.A.A., Muzaiyanah S., Rianto S.A.",2020,"Soybean-maize intercropping feasibility under drought-prone area in East Java, Indonesia","Harsono, A., Elisabeth, D. A. A., Muzaiyanah, S., & Rianto, S. A. (2020). Soybean-maize intercropping feasibility under drought-prone area in East Java, Indonesia. Biodiversitas, 21(8), 3744-3754. doi:10.13057/biodiv/d210842"
37,"Arslan A., Belotti F., Lipper L.",2017,Smallholder productivity and weather shocks: Adoption and impact of widely promoted agricultural practices in Tanzania,"Arslan, A., Belotti, F., & Lipper, L. (2017). Smallholder productivity and weather shocks: Adoption and impact of widely promoted agricultural practices in Tanzania. Food Policy, 69, 68-81. doi:10.1016/j.foodpol.2017.03.005"
647,"Wade M.K., Sanchez P.A.",1984,Productive potential of an annual intercropping scheme in the Amazon,"Wade, M. K., & Sanchez, P. A. (1984). Productive potential of an annual intercropping scheme in the Amazon. Field Crops Research, 9(C), 253-263. doi:10.1016/0378-4290(84)90030-3"
599,"Syafruddin, Suwardi",2020,Intercropping of maize-mungbean to increase the farmer's income,"Syafruddin, S. (2020). Intercropping of maize-mungbean to increase the farmer's income. Paper presented at the IOP Conf. Series: Earth and Environmental Science."
118,"da Silva J.N., Neto F.B., de Lima J.S.S., Chaves A.P., Nunes R.L.C., Rodrigues G.S.O., Lino V.A.D.S., de Sá J.M., Dos Santos E.C.",2020,Sustainability of carrot-cowpea intercropping systems through optimization of green manuring and spatial arrangements [Sustentabilidade de sistemas consorciados de cenoura e feijão-caupi por meio da otimização da adubação verde e arranjos espaciais],"da Silva, J. N., Neto, F. B., de Lima, J. S. S., Chaves, A. P., Nunes, R. L. C., Rodrigues, G. S. O., . . . Dos Santos, E. C. (2020). Sustainability of carrot-cowpea intercropping systems through optimization of green manuring and spatial arrangements. Ciencia Rural, 51(1), 1-13. doi:10.1590/0103-8478cr20190838"
765,"Harsono, A., & Pratiwi, H. (2017, May).",2017,The increase of Ultisol productivity based on intercropping cassava with peanut and soybean,"Harsono, A., & Pratiwi, H. (2017). The increase of Ultisol productivity based on intercropping cassava with peanut and soybean. Nusantara Bioscience, 9(2), 157-163. doi:10.13057/nusbiosci/n090209"
762,"Isaacs KB, Snapp SS, Chung K, Waldman KB.",2016,Assessing the value of diverse cropping systems under a new agricultural policy environment in Rwanda.,"Isaacs, K. B., Snapp, S. S., Chung, K., & Waldman, K. B. (2016). Assessing the value of diverse cropping systems under a new agricultural policy environment in Rwanda. Food Security, 8(3), 491-506. doi:10.1007/s12571-016-0582-x"
496,"Rao M.R., Mathuva M.N.",2000,Legumes for improving maize yields and income in semi-arid Kenya,"Rao, M. R., & Mathuva, M. N. (2000). Legumes for improving maize yields and income in semi-arid Kenya. Agriculture, Ecosystems & Environment, 78(2), 123-137. doi:10.1016/s0167-8809(99)00125-5"
199,"Gitari H.I., Gachene C.K.K., Karanja N.N., Kamau S., Nyawade S., Sharma K., Schulte-Geldermann E.",2018,Optimizing yield and economic returns of rain-fed potato (Solanum tuberosum L.) through water conservation under potato-legume intercropping systems,"Gitari, H. I., Gachene, C. K. K., Karanja, N. N., Kamau, S., Nyawade, S., Sharma, K., & Schulte-Geldermann, E. (2018). Optimizing yield and economic returns of rain-fed potato (Solanum tuberosum L.) through water conservation under potato-legume intercropping systems. Agricultural Water Management, 208, 59-66. doi:10.1016/j.agwat.2018.06.005"
198,"Gitari H.I., Nyawade S.O., Kamau S., Karanja N.N., Gachene C.K.K., Raza M.A., Maitra S., Schulte-Geldermann E.",2020,Revisiting intercropping indices with respect to potato-legume intercropping systems,"Gitari, H. I., Nyawade, S. O., Kamau, S., Karanja, N. N., Gachene, C. K. K., Raza, M. A., . . . Schulte-Geldermann, E. (2020). Revisiting intercropping indices with respect to potato-legume intercropping systems. Field Crops Research, 258. doi:10.1016/j.fcr.2020.107957"
6,"Adamtey N., Musyoka M.W., Zundel C., Cobo J.G., Karanja E., Fiaboe K.K.M., Muriuki A., Mucheru-Muna M., Vanlauwe B., Berset E., Messmer M.M., Gattinger A., Bhullar G.S., Cadisch G., Fliessbach A., Mäder P., Niggli U., Foster D.",2016,"Productivity, profitability and partial nutrient balance in maize-based conventional and organic farming systems in Kenya","Adamtey, N., Musyoka, M. W., Zundel, C., Cobo, J. G., Karanja, E., Fiaboe, K. K. M., . . . Foster, D. (2016). Productivity, profitability and partial nutrient balance in maize-based conventional and organic farming systems in Kenya. Agriculture Ecosystems & Environment, 235, 61-79. doi:10.1016/j.agee.2016.10.001"
436,"Onduru D.D., Du Preezb C.C.",2007,Ecological and agro-economic study of small farms in sub-Saharan Africa,"Onduru, D. D., & Preez, C. C. (2007). Ecological and agro-economic study of small farms in sub-Saharan Africa. Agronomy for Sustainable Development, 27(3), 197-208. doi:10.1051/agro:2007003"
744,"Midega, C.A.O., Salifu, D., Bruce, T.J., Pittchar, J., Pickett, J.A., Khan, Z.R.,",2014,Cumulative effects and economic benefits of intercropping maize with food legumes on Striga hermonthica infestation.,"Midega, C. A. O., Salifu, D., Bruce, T. J., Pittchar, J., Pickett, J. A., & Khan, Z. R. (2014). Cumulative effects and economic benefits of intercropping maize with food legumes on Striga hermonthica infestation. Field Crops Research, 155, 144-152. doi:10.1016/j.fcr.2013.09.013"
435,"Ojiem J.O., Franke A.C., Vanlauwe B., de Ridder N., Giller K.E.",2014,Benefits of legume-maize rotations: Assessing the impact of diversity on the productivity of smallholders in Western Kenya,"Ojiem, J. O., Franke, A. C., Vanlauwe, B., de Ridder, N., & Giller, K. E. (2014). Benefits of legume–maize rotations: Assessing the impact of diversity on the productivity of smallholders in Western Kenya. Field Crops Research, 168, 75-85. doi:10.1016/j.fcr.2014.08.010"
297,"Kihara J., Vanlauwe B., Waswa B., Kimetu J.M., Chianu J., Bationo A.",2010,Strategic phosphorus application in legume-cereal rotations increases land productivity and profitability in western Kenya,"Kihara, J., Vanlauwe, B., Waswa, B., Kimetu, J. M., Chianu, J., & Bationo, A. (2010). Strategic phosphorus application in legume-cereal rotations increases land productivity and profitability in western Kenya. Experimental Agriculture, 46(1), 35-52. doi:10.1017/S0014479709990810"
202,"Gnahoua J.G., Ettien D.J.B., N’zué B., De Neve S., Boeckx P.",2016,Assessment of low-input technologies to improve productivity of early harvested cassava in Côte d’Ivoire,"Gnahoua, J. G., Ettien, D. J. B., N’zué, B., De Neve, S., & Boeckx, P. (2016). Assessment of low-input technologies to improve productivity of early harvested cassava in Côte d’Ivoire. Agroecology and Sustainable Food Systems, 40(9), 941-964. doi:10.1080/21683565.2016.1209610"
432,"Nwofia G.E., Jiwuba F., Okpara D.A., Mbah E.U.",2017,Yield and Productivity of Eggplant Genotypes Intercropped with Vegetable Cowpea in the Humid Tropics,"Nwofia, G. E., Jiwuba, F., Okpara, D. A., & Mbah, E. U. (2017). Yield and Productivity of Eggplant Genotypes Intercropped with Vegetable Cowpea in the Humid Tropics. International Journal of Vegetable Science, 23(5), 400-410. doi:10.1080/19315260.2017.1310779"
441,"Oyeogbe A., Otoadese J., Ehanire B.",2021,"Diversification of maize-based intercropping systems in tropical rainforest agroecosystem of Nigeria: Productivity, profitability and soil fertility","Oyeogbe, A., Otoadese, J., & Ehanire, B. (2021). Diversification of maize-based intercropping systems in tropical rainforest agroecosystem of Nigeria: Productivity, profitability and soil fertility. Future of Food: Journal on Food, Agriculture and Society, 9(1), 1-7. doi:10.17170/kobra-202011192213"
666,"Workayehu T., Wortmann C.S.",2011,Maize-bean intercrop weed suppression and profitability in Southern Ethiopia,"Workayehu, T., & Wortmann, C. S. (2011). Maize-Bean Intercrop Weed Suppression and Profitability in Southern Ethiopia. Agronomy Journal, 103(4), 1058-1063. doi:10.2134/agronj2010.0493"
668,"Worku W., Temeche D., Gossa R., Abate B.",2021,Agronomic management options to enhance adoption of maize–common bean–common bean sequential intercropping in southern Ethiopia,"Worku, W., Temeche, D., Gossa, R., & Abate, B. (2021). Agronomic management options to enhance adoption of maize–common bean–common bean sequential intercropping in southern Ethiopia. Journal of Crop Science and Biotechnology, 24(3), 307-318. doi:10.1007/s12892-020-00078-x"
556,"Sime G., Aune J.B.",2018,Sustainability of improved crop varieties and agricultural practices: A case study in the central rift valley of Ethiopia,"Sime, G., & Aune, J. (2018). Sustainability of Improved Crop Varieties and Agricultural Practices: A Case Study in the Central Rift Valley of Ethiopia. Agriculture, 8(11). doi:10.3390/agriculture8110177"
741,"Muoneke, C.O., Ogwuche, M.A.O., Kalu, B.A., 2007. .",2007,Effect of maize planting density on the performance of maize/soybean intercropping system in a guinea savannah agroecosystem,"Muoneke, C. O., Ogwuche, M. A. O., & Kalu, B. A. (2007). Effect of maize planting density on the performance of maize/soybean intercropping system in a guinea savannah agroecosystem. African Journal of Agricultural Research, 2(12), 667-677."
16,"Akinola A.A., Alene A.D., Adeyemo R., Sanogo D., Olanrewaju A.S.",2009,Impacts of balanced nutrient management systems technologies in the northern Guinea savanna of Nigeria,"Akinola, A. A., Alene, A. D., Adeyemo, R., Sanogo, D., & Olanrewaju, A. S. (2009). Impacts of balanced nutrient management systems technologies in the northern Guinea savanna of Nigeria. Journal of Food, Agriculture and Environment, 7(2), 496-504."
10,"Adjei-Nsiah S., Leeuwis C., Giller K.E., Sakyi-Dawson O., Cobbina J., Kuyper T.W., Abekoe M., Van Der Werf W.",2004,"Land tenure and differential soil fertility management practices among native and migrant farmers in Wenchi, Ghana: Implications for interdisciplinary action research","Adjei-Nsiah, S., Leeuwis, C., Giller, K. E., Sakyi-Dawson, O., Cobbina, J., Kuyper, T. W., . . . Van Der Werf, W. (2004). Land tenure and differential soil fertility management practices among native and migrant farmers in Wenchi, Ghana: Implications for interdisciplinary action research. NJAS - Wageningen Journal of Life Sciences, 52(3-4), 331-348. doi:10.1016/S1573-5214(04)80020-4"
9,"Adjei-Nsiah S., Kuyper T.W., Leeuwis C., Abekoe M.K., Giller K.E.",2007,Evaluating sustainable and profitable cropping sequences with cassava and four legume crops: Effects on soil fertility and maize yields in the forest/savannah transitional agro-ecological zone of Ghana,"Adjei-Nsiah, S., Kuyper, T. W., Leeuwis, C., Abekoe, M. K., & Giller, K. E. (2007). Evaluating sustainable and profitable cropping sequences with cassava and four legume crops: Effects on soil fertility and maize yields in the forest/savannah transitional agro-ecological zone of Ghana. Field Crops Research, 103(2), 87-97. doi:10.1016/j.fcr.2007.05.001"
64,"Belay D., Schulthess F., Omwega C.",2009,The profitability of maize-haricot bean intercropping techniques to control maize stem borers under low pest densities in Ethiopia,"Belay, D., Schulthess, F., & Omwega, C. (2009). The profitability of maize-haricot bean intercropping techniques to control maize stem borers under low pest densities in Ethiopia. Phytoparasitica, 37(1), 43-50. doi:10.1007/s12600-008-0002-7"
12,"Agegnehu G., Ghizaw A., Sinebo W.",2006,Yield performance and land-use efficiency of barley and faba bean mixed cropping in Ethiopian highlands,"Agegnehu, G., Ghizaw, A., & Sinebo, W. (2006). Yield performance and land-use efficiency of barley and faba bean mixed cropping in Ethiopian highlands. European Journal of Agronomy, 25(3), 202-207. doi:10.1016/j.eja.2006.05.002"
785,"Agegnehu, G., Ghizaw, A., & Sinebo, W. (2006, Oct).",2006,Crop productivity and land-use efficiency of a teff/faba bean mixed cropping system in a tropical highland environment,"Agegnehu, G., Ghizaw, A., & Sinebo, W. (2006). Crop productivity and land-use efficiency of a teff/faba bean mixed cropping system in a tropical highland environment. Experimental Agriculture, 42(4), 495-504. doi:10.1017/s0014479706003863"
1,"Abdul Rahman N., Larbi A., Kotu B., Asante M.O., Akakpo D.B., Mellon-Bedi S., Hoeschle-Zeledon I.",2021,"Maize–legume strip cropping effect on productivity, income, and income risk of farmers in northern Ghana","Abdul Rahman, N., Larbi, A., Kotu, B., Asante, M. O., Akakpo, D. B., Mellon-Bedi, S., & Hoeschle-Zeledon, I. (2021). Maize–legume strip cropping effect on productivity, income, and income risk of farmers in northern Ghana. Agronomy Journal, 113(2), 1574-1585. doi:10.1002/agj2.20536"
406,"Naab J.B., Mahama G.Y., Yahaya I., Prasad P.V.V.",2017,"Conservation agriculture improves soil quality, crop yield, and incomes of smallholder farmers in north western Ghana","Naab, J. B., Mahama, G. Y., Yahaya, I., & Prasad, P. V. V. (2017). Conservation Agriculture Improves Soil Quality, Crop Yield, and Incomes of Smallholder Farmers in North Western Ghana. Front Plant Sci, 8, 996. doi:10.3389/fpls.2017.00996"
282,"Kermah M., Franke A.C., Adjei-Nsiah S., Ahiabor B.D.K., Abaidoo R.C., Giller K.E.",2017,Maize-grain legume intercropping for enhanced resource use efficiency and crop productivity in the Guinea savanna of northern Ghana,"Kermah, M., Franke, A. C., Adjei-Nsiah, S., Ahiabor, B. D. K., Abaidoo, R. C., & Giller, K. E. (2017). Maize-grain legume intercropping for enhanced resource use efficiency and crop productivity in the Guinea savanna of northern Ghana. Field Crops Research, 213, 38-50. doi:10.1016/j.fcr.2017.07.008"
776,"Bitew, Y., Alemayehu, G., Adego, E., & Assefa, A. (2019, Dec).",2019,"Boosting land use efficiency, profitability and productivity of finger millet by intercropping with grain legumes","Bitew, Y., Alemayehu, G., Adego, E., & Assefa, A. (2019). Boosting land use efficiency, profitability and productivity of finger millet by intercropping with grain legumes. Cogent Food & Agriculture, 5(1), 22. doi:10.1080/23311932.2019.1702826"
564,"Singh B.B., Ajeigbe H.",2007,Improved cowpea-cereals-based cropping systems for household food security and poverty reduction in West Africa,"Singh, B. B., & Ajeigbe, H. (2007). Improved Cowpea-Cereals-Based Cropping Systems for Household Food Security and Poverty Reduction in West Africa. Journal of Crop Improvement, 19(1-2), 157-172. doi:10.1300/J411v19n01_11"
699,"Zougmore R., Kambou F.N., Ouattara K., Guillobez S.",2000,"Sorghum-cowpea intercropping: An effective technique against runoff and soil erosion in the sahel (saria, burkina faso)","Zougmore, R., Kambou, F. N., Ouattara, K., & Guillobez, S. (2000). Sorghum-cowpea Intercropping: An Effective Technique Against Runoff and Soil Erosion in the Sahel (Saria, Burkina Faso). Arid Soil Research and Rehabilitation, 14(4), 329-342. doi:10.1080/08903060050136441"
390,"Montgomery S., Guppy C., Martin R., Wright G., Flavel R., Phan S., Im S., Tighe M.",2017,Productivity and profitability of upland crop rotations in Northwest Cambodia,"Montgomery, S., Guppy, C., Martin, R., Wright, G., Flavel, R., Phan, S., . . . Tighe, M. (2017). Productivity and profitability of upland crop rotations in Northwest Cambodia. Field Crops Research, 203, 150-162. doi:10.1016/j.fcr.2016.12.010"
731,"Shivaramu HS, Shivashankar K.",1992,PERFORMANCE OF SUNFLOWER (HELIANTHUS-ANNUUS) AND SOYBEAN (GLYCINE-MAX) IN INTERCROPPING WITH DIFFERENT PLANT-POPULATIONS AND PLANTING PATTERNS,"Shivaramu, H. S., & Shivashankar, K. (1992). PERFORMANCE OF SUNFLOWER (HELIANTHUS-ANNUUS) AND SOYBEAN (GLYCINE-MAX) IN INTERCROPPING WITH DIFFERENT PLANT-POPULATIONS AND PLANTING PATTERNS. Indian Journal of Agronomy, 37(2), 231-236."
510,"Ruangsanka S., Sanfan S., Chaiwong U.",2021,"Does intercropping of baby corn (Zea mays l.) with pulse legumes improve soil fertility, crop productivity and profitability?","Ruangsanka, S., Sanfan, S., & Chaiwong, U. (2021). Does Intercropping of Baby Corn (Zea mays L.) with Pulse Legumes Improve Soil Fertility, Crop Productivity and Profitability? Journal of Agricultural Sciences, 16(1), 19-27. doi:10.4038/jas.v16i1.9180"
348,"Lopez-Ridaura S., Barba-Escoto L., Reyna-Ramirez C.A., Sum C., Palacios-Rojas N., Gerard B.",2021,"Maize intercropping in the milpa system. Diversity, extent and importance for nutritional security in the Western Highlands of Guatemala","Lopez-Ridaura, S., Barba-Escoto, L., Reyna-Ramirez, C. A., Sum, C., Palacios-Rojas, N., & Gerard, B. (2021). Maize intercropping in the milpa system. Diversity, extent and importance for nutritional security in the Western Highlands of Guatemala. Sci Rep, 11(1), 3696. doi:10.1038/s41598-021-82784-2"
742,"Mohan, H.M., Chittapur, B.M., Hiremath, S.M",2013,EVALUATION OF RICEBEAN AND FRENCHBEAN AS INTERCROPS WITH MAIZE UNDER DIFFERENT ROW PROPORTIONS IN THE PENINSULAR REGION,"Mohan, H. M., Chittapur, B. M., & Hiremath, S. M. (2013). EVALUATION OF RICEBEAN AND FRENCHBEAN AS INTERCROPS WITH MAIZE UNDER DIFFERENT ROW PROPORTIONS IN THE PENINSULAR REGION. Legume Research, 36(4), 338-343."
366,"Manjunath B.L., Paramesh V., Mahajan G.R., Reddy K.V., Das B., Singh N.P.",2018,"A five years study on the selection of rice based cropping systems in Goa, for west coast region of India","Manjunath, B. L., Paramesh, V., Mahajan, G. R., Reddy, K. V., Das, B., & Singh, N. P. (2018). A five years study on the selection of rice based cropping systems in Goa, for west coast region of India. Journal of Environmental Biology, 39(3), 393-399. doi:10.22438/jeb/39/3/MRN-593"
367,"Manjunath M.G., Salakinkop S.R., Somanagouda G.",2018,Productivity and profitability of soybean based millets intercropping systems,"Manjunath, M. G., Salakinkop, S. R., & Somanagouda, G. (2018). Productivity and profitability of soybean based millets intercropping systems. Research on Crops, 19(1), 43-47. doi:10.5958/2348-7542.2018.00006.2"
589,"Soriano J.B., Wani S.P., Rao A.N., Hanumanthappa A.K., Gowda J.A.C., Rathore A.",2017,On-farm evaluation of dry-seeded rice cultivars and cropping systems in the semi-arid region of India,"Soriano, J. B., Wani, S. P., Rao, A. N., Hanumanthappa, A. K., Gowda, J. A. C., & Rathore, A. (2017). On-farm evaluation of dry-seeded rice cultivars and cropping systems in the semi-arid region of India. Philippine Journal of Science, 146(3), 223-235."
428,"Novotny I.P., Tittonell P., Fuentes-Ponce M.H., López-Ridaura S., Rossing W.A.H.",2021,"The importance of the traditional milpa in food security and nutritional self-sufficiency in the highlands of Oaxaca, Mexico","Novotny, I. P., Tittonell, P., Fuentes-Ponce, M. H., Lopez-Ridaura, S., & Rossing, W. A. H. (2021). The importance of the traditional milpa in food security and nutritional self-sufficiency in the highlands of Oaxaca, Mexico. PLoS ONE, 16(2), e0246281. doi:10.1371/journal.pone.0246281"
737,"Nageswara Rao N, Meinke H, Craufurd PQ, et al.",2015,Strategic double cropping on Vertisols: A viable rainfed cropping option in the Indian SAT to increase productivity and reduce risk,"Nageswara Rao, V., Meinke, H., Craufurd, P. Q., Parsons, D., Kropff, M. J., Anten, N. P. R., . . . Rego, T. J. (2015). Strategic double cropping on Vertisols: A viable rainfed cropping option in the Indian SAT to increase productivity and reduce risk. European Journal of Agronomy, 62, 26-37. doi:10.1016/j.eja.2014.09.003"
497,"Rao M.R., Singh M.",1990,Productivity and risk evaluation in constrasting intercropping systems,"Rao, M. R., & Singh, M. (1990). Productivity and risk evaluation in constrasting intercropping systems. Field Crops Research, 23(3-4), 279-293. doi:10.1016/0378-4290(90)90060-o"
407,"Nageswara Rao V., Meinke H., Craufurd P.Q., Parsons D., Kropff M.J., Anten N.P.R., Wani S.P., Rego T.J.",2015,Strategic double cropping on Vertisols: A viable rainfed cropping option in the Indian SAT to increase productivity and reduce risk,"Nageswara Rao, V., Meinke, H., Craufurd, P. Q., Parsons, D., Kropff, M. J., Anten, N. P. R., . . . Rego, T. J. (2015). Strategic double cropping on Vertisols: A viable rainfed cropping option in the Indian SAT to increase productivity and reduce risk. European Journal of Agronomy, 62, 26-37. doi:10.1016/j.eja.2014.09.003"
505,"Reddy P.R.R., Mohammad S.",2009,Evaluation of cotton (Gossypium hirsutum)-based intercropping system through different approaches under rainfed conditions,"Reddy, P. R. R., & Mohammad, S. (2009). Evaluation of cotton (Gossypium hirsutum)-based intercropping system through different approaches under rainfed conditions. Indian Journal of Agricultural Sciences, 79(3), 210-214."
412,"Narkhede W.N., Deshmukh M.S., Bhale V.M., Gill M.S., Gadade G.D., More S.S.",2011,Diversification of cropping systems under assured irrigated conditions in central plateau zone of Maharashtra,"Narkhede, W. N., Deshmukh, M. S., Bhale, V. M., Gill, M. S., Gadade, G. D., & More, S. S. (2011). Diversification of cropping systems under assured irrigated conditions in central plateau zone of Maharashtra. Indian Journal of Agronomy, 56(2), 104-108."
782,"Baishya, L. K., Jamir, T., Walling, N., & Rajkhowa, D. J. (2021, Nov).",2021,"Evaluation of Maize (Zea mays L.) plus Legume Intercropping System for Productivity, Profitability, Energy Budgeting and Soil Health in Hill Terraces of Eastern Himalayan Region","Baishya, L. K., Jamir, T., Walling, N., & Rajkhowa, D. J. (2021). Evaluation of Maize (Zea mays L.) plus Legume Intercropping System for Productivity, Profitability, Energy Budgeting and Soil Health in Hill Terraces of Eastern Himalayan Region. Legume Research, 44(11), 1343-1347. doi:10.18805/lr-4190"
779,"Bastia, D. K., Behera, S. K., & Panda, M. R. (2021, Dec).",2021,"Impacts of soil fertility management on productivity and economics of rice and fodder intercropping systems under rainfed conditions in Odisha, India","Bastia, D. K., Behera, S. K., & Panda, M. R. (2021). Impacts of soil fertility management on productivity and economics of rice and fodder intercropping systems under rainfed conditions in Odisha, India. Journal of Integrative Agriculture, 20(12), 3114-3126. doi:10.1016/s2095-3119(20)63591-2"
478,"Pradhan A., Idol T., Roul P.K.",2016,Conservation agriculture practices in rainfed uplands of india improve maize-based system productivity and profitability,"Pradhan, A., Idol, T., & Roul, P. K. (2016). Conservation Agriculture Practices in Rainfed Uplands of India Improve Maize-Based System Productivity and Profitability. Front Plant Sci, 7(2016JULY), 1008. doi:10.3389/fpls.2016.01008"
388,"Mishra M.M., Mohanty M., Gulati J.M.L., Nanda S.S.",2013,"Evaluation of various rice (Oryza sativa) based crop sequences for enhanced productivity, profitability and energy efficiency in eastern plateau and hills zone of India","Mishra, M. M., Mohanty, M., Gulati, J. M. L., & Nanda, S. S. (2013). Evaluation of various rice (Oryza sativa) based crop sequences for enhanced productivity, profitability and energy efficiency in eastern plateau and hills zone of India. Indian Journal of Agricultural Sciences, 83(12), 1279-1284."
96,"Chan C., Sipes B., Ayman A., Zhang X., LaPorte P., Fernandes F., Pradhan A., Chan-Dentoni J., Roul P.",2017,Efficiency of conservation agriculture production systems for smallholders in rain-fed uplands of India: A transformative approach to food security,"Chan, C., Sipes, B., Ayman, A., Zhang, X., LaPorte, P., Fernandes, F., . . . Roul, P. (2017). Efficiency of conservation agriculture production systems for smallholders in rain-fed uplands of India: A transformative approach to food security. Land, 6(3). doi:10.3390/land6030058"
477,"Pradhan A., Chan C., Roul P.K., Halbrendt J., Sipes B.",2018,Potential of conservation agriculture (CA) for climate change adaptation and food security under rainfed uplands of India: A transdisciplinary approach,"Pradhan, A., Chan, C., Roul, P. K., Halbrendt, J., & Sipes, B. (2018). Potential of conservation agriculture (CA) for climate change adaptation and food security under rainfed uplands of India: A transdisciplinary approach. Agricultural Systems, 163, 27-35. doi:10.1016/j.agsy.2017.01.002"
529,"Sarkar R.K., Chakraborty A.",2000,Biological feasibility and economic viability of intercropping pulse and oilseed crops with sesame (Sesamum indicum) under different planting patterns in rice-fallow gangetic alluvial land,"Sarkar, R. K., & Chakraborty, A. (2000). Biological feasibility and economic viability of intercropping pulse and oilseed crops with sesame (Sesamum indicum) under different planting patterns in rice-fallow gangetic alluvial land. Indian Journal of Agricultural Sciences, 70(4), 211-214."
530,"Sarkar R.K., Chakraborty A., Bala B.",1998,Biological potential and economic feasibility of intercropping of sunflower (Helianthus annuus) with pulses and oilseeds under different planting patterns on rice fallow land,"Sarkar, R. K., Chakraborty, A., & Bala, B. (1998). Biological potential and economic feasibility of intercropping of sunflower (Helianthus annuus) with pulses and oilseeds under different planting patterns on rice fallow land. Indian Journal of Agronomy, 43(4), 601-605."
528,"Sarkar R.K., Sanyal S.R.",2000,Production potential and economic feasibility of sesame (Sesamum indicum)-based intercropping system with pulse and oilseed crops on rice fallow land,"Sarkar, R. K., & Sanyal, S. R. (2000). Production potential and economic feasibility of sesame (Sesamum indicum)-based intercropping system with pulse and oilseed crops on rice fallow land. Indian Journal of Agronomy, 45(3), 545-550."
128,"Das R., Dhara P.K., Mandal A.R., Ray S.K.D.",2014,Agri-silvi-fruit-vegetable based agro-production system - Suitable models for sustainable land use and conservation in red-laterite and semi-arid tracks,"Das, R., Dhara, P. K., Mandal, A. R., & Ray, S. K. D. (2014). Agri-silvi-fruit-vegetable based agro-production system - Suitable models for sustainable land use and conservation in red-laterite and semi-arid tracks. Ecology, Environment and Conservation, 20, S7-S13."
727,"Suhi AA, Mia S, Khanam S, et al",2022,How Does Maize-Cowpea Intercropping Maximize Land Use and Economic Return? A Field Trial in Bangladesh,"Suhi, A. A., Mia, S., Khanam, S., Mithu, M. H., Uddin, M. K., Muktadir, M. A., . . . Jindo, K. (2022). How Does Maize-Cowpea Intercropping Maximize Land Use and Economic Return? A Field Trial in Bangladesh. Land, 11(4), 18. doi:10.3390/land11040581"
540,Sharma K.C.,2018,Inter/mixed cropping of lentil (Lens culinaris) in late-sown wheat (Triticum aestivum) for higher productivity and profitability of wheat in vertisols of central india,"Sharma, K. C. (2018). Inter/mixed cropping of lentil (Lens culinaris) in late-sown wheat (Triticum aestivum) for higher productivity and profitability of wheat in vertisols of central india. Indian Journal of Agronomy, 63(1), 32-38."
132,"Dayal D., Mangalassery S., Meena S.L., Ram B.",2015,Productivity and profitability of legumes as influenced by integrated nutrient management with fruit crops under hot arid ecology,"Dayal, D., Mangalassery, S., Meena, S. L., & Ram, B. (2015). Productivity and profitability of legumes as influenced by integrated nutrient management with fruit crops under hot arid ecology. Indian Journal of Agronomy, 60(2), 297-300."
18,"Alam M.M., Ladha J.K., Faisal M.W., Sharma S., Saha A., Noor S., Rahman M.A.",2015,Improvement of cereal-based cropping systems following the principles of conservation agriculture under changing agricultural scenarios in Bangladesh,"Alam, M. M., Ladha, J. K., Faisal, M. W., Sharma, S., Saha, A., Noor, S., & Rahman, M. A. (2015). Improvement of cereal-based cropping systems following the principles of conservation agriculture under changing agricultural scenarios in Bangladesh. Field Crops Research, 175, 1-15. doi:10.1016/j.fcr.2014.12.015"
49,"Baishya L.K., Rathore S.S., Sarkar D., Jamir T., Rajkhowa D.J.",2019,Crop and varietal diversification for enhancing productivity and profitability of rice fallow system in eastern Himalayan region,"Baishya, L. K., Rathore, S. S., Sarkar, D., Jamir, T., & Rajkhowa, D. J. (2019). Crop and varietal diversification for enhancing productivity and profitability of rice fallow system in eastern Himalayan region. Indian Journal of Agricultural Sciences, 89(5), 800-805."
56,"Banjara T.R., Bohra J.S., Kumar S., Singh T., Shori A., Prajapat K.",2021,Sustainable alternative crop rotations to the irrigated rice-wheat cropping system of Indo-Gangetic plains of India,"Banjara, T. R., Bohra, J. S., Kumar, S., Singh, T., Shori, A., & Prajapat, K. (2021). Sustainable alternative crop rotations to the irrigated rice-wheat cropping system of Indo-Gangetic plains of India. Archives of Agronomy and Soil Science. doi:10.1080/03650340.2021.1912324"
609,"Telkar S.G., Singh A.K.",2018,"Productivity, profitability and soil biochemical properties in maize (Zea mays) and soybean (Glycine max) intercropping as influenced by population proportion of component crops","Telkar, S. G., & Singh, A. K. (2018). Productivity, profitability and soil biochemical properties in maize (Zea mays) and soybean (Glycine max) intercropping as influenced by population proportion of component crops. Indian Journal of Agricultural Sciences, 88(3), 458-462."
574,"Singh S.P., Lal S.S.",2013,Evaluation of different cropping systems for their productivity and sustainability in Madhya Pradesh,"Singh, S. P., & Lal, S. S. (2013). Evaluation of different cropping systems for their productivity and sustainability in Madhya Pradesh. Potato Journal, 40(2), 149-154."
489,"Rajput R.L., Kushwaha B.B.",2021,Yield analysis of chickpea (Cicer arietinum) with mustard (brassaca juncea) intercropping system as influenced by weed management practices,"Rajput, R. L., & Kushwaha, B. B. (2020). Yield Analysis of Chickpea (Cicer arietinum) with Mustard (Brassaca juncea) Intercropping System as Influenced by Weed Management Practices. Legume Research - an International Journal, 44(Of), 94-97. doi:10.18805/lr-3842"
560,"Singh A., Tanwar S.P.S., Meghwal P.R., Saxena A., Kumar M.",2018,Assessing productivity and profitability of a rejuvenated ber (Ziziphus mauritiana) based agri-horti system under arid rainfed conditions,"Singh, A., Tanwar, S. P. S., Meghwal, P. R., Saxena, A., & Kumar, M. (2018). Assessing productivity and profitability of a rejuvenated ber (Ziziphus mauritiana) based agri-horti system under arid rainfed conditions. Indian Journal of Agricultural Sciences, 88(4), 573-578."
309,"Kumar M., Kumar R., Rangnamei K.L., Das A., Meena K.L., Rajkhowa D.J.",2019,Crop diversification for enhancing the productivity for food and nutritional security under the Eastern Himalayas,"Kumar, M., Kumar, R., Rangnamei, K. L., Das, A., Meena, K. L., & Rajkhowa, D. J. (2019). Crop diversification for enhancing the productivity for food and nutritional security under the Eastern Himalayas. Indian Journal of Agricultural Sciences, 89(7), 1157-1161."
784,"Ansari, M. H., Verma, B. K., Ansari, M. A., Mishra, D., Srivastava, A. K., Khan, N., & Saquib, M. (2015, Mar).  [Article]. Indian Journal of Agricultural Sciences, 85(3), 100-104. <Go to ISI>://WOS:000351480400015",2015,"Impact of cropping pattern on growth, yield attributes and system productivity of citronella (Citronella winterianus) - pulses intercropping system in Central India","Ansari, M. H., Verma, B. K., Ansari, M. A., Mishra, D., Srivastava, A. K., Khan, N., & Saquib, M. (2015). Impact of cropping pattern on growth, yield attributes and system productivity of citronella (Citronella winterianus) - pulses intercropping system in Central India. Indian Journal of Agricultural Sciences, 85(3), 100-104."
195,"Ghosh P.K., Hazra K.K., Venkatesh M.S., Praharaj C.S., Kumar N., Nath C.P., Singh U., Singh S.S.",2020,Grain legume inclusion in cereal-cereal rotation increased base crop productivity in the long run,"Ghosh, P. K., Hazra, K. K., Venkatesh, M. S., Praharaj, C. S., Kumar, N., Nath, C. P., . . . Singh, S. S. (2020). Grain legume inclusion in cereal-cereal rotation increased base crop productivity in the long run. Experimental Agriculture, 56(1), 142-158. doi:10.1017/s0014479719000243"
259,"Jat R.S., Choudhary R.L., Singh H.V., Meena M.K., Singh V.V., Rai P.K.",2021,"Sustainability, productivity, profitability and soil health with conservation agriculture based sustainable intensification of oilseed brassica production system","Jat, R. S., Choudhary, R. L., Singh, H. V., Meena, M. K., Singh, V. V., & Rai, P. K. (2021). Sustainability, productivity, profitability and soil health with conservation agriculture based sustainable intensification of oilseed brassica production system. Scientific Reports, 11(1). doi:10.1038/s41598-021-92801-z"
461,"Paudel B., Chan C., Halbrendt J., Crow S.E., Radovich T.J.K., Norton G.",2016,Bioeconomic optimization of conservation agriculture production systems (CAPS) for smallholder tribal farmers in the hill region of Nepal,"Paudel, B., Chan, C., Halbrendt, J., Crow, S. E., Radovich, T. J. K., & Norton, G. (2016). Bioeconomic optimization of conservation agriculture production systems (CAPS) for smallholder tribal farmers in the hill region of Nepal. Journal of Soil and Water Conservation, 71(2), 103-117. doi:10.2489/jswc.71.2.103"
105,"Choudhary V.K., Kumar P.S.",2016,"Productivity, Water Use and Energy Profitability of Staggered Maize–Legume Intercropping in the Eastern Himalayan Region of India","Choudhary, V. K., & Kumar, P. S. (2016). Productivity, Water Use and Energy Profitability of Staggered Maize–Legume Intercropping in the Eastern Himalayan Region of India. Proceedings of the National Academy of Sciences India Section B - Biological Sciences, 86(3), 547-557. doi:10.1007/s40011-014-0476-7"
106,"Choudhary V.K., Kumar P.S.",2013,"Crop and water productivity, profitability and energy consumption pattern of a maize-based crop sequence in the North Eastern Himalayan Region, India","Choudhary, V. K., & Kumar, P. S. (2013). Crop and water productivity, profitability and energy consumption pattern of a maize-based crop sequence in the North Eastern Himalayan Region, India. Archives of Agronomy and Soil Science, 59(5), 653-669. doi:10.1080/03650340.2012.665992"
107,"Choudhary V.K., Kumar P.S., Sarkar S.K., Yadav J.S.",2013,"Production potential, economic analysis and energy auditing for maize (Zea mays)-vegetable based cropping systems in Eastern Himalayan Region, Arunachal Pradesh","Choudhary, V. K., Kumar, P. S., Sarkar, S. K., & Yadav, J. S. (2013). Production potential, economic analysis and energy auditing for maize (Zea mays)-vegetable based cropping systems in Eastern Himalayan Region, Arunachal Pradesh. Indian Journal of Agricultural Sciences, 83(1), 110-115."
539,"Sharma A.R., Behera U.K.",2009,Recycling of legume residues for nitrogen economy and higher productivity in maize (Zea mays)-wheat (Triticum aestivum) cropping system,"Sharma, A., Sharma, J. J., Rana, M. C., & Sood, S. (2006). Evaluation of Phaseolus vulgaris as intercrop with vegetables for enhancing productivity system and profitability under high hill dry temperate conditions of north-western Himalayas. Indian Journal of Agricultural Sciences, 76(1), 29-32."
613,"Tetarwal J.P., Rana K.S.",2006,"Impact of cropping system, fertility level and moisture-conservation practice on productivity, nutrient uptake, water use and profitability of pearlmillet (Pennisetum glaucum) under rainfed conditions","Tetarwal, J. P., & Rana, K. S. (2006). Impact of cropping system, fertility level and moisture-conservation practice on productivity, nutrient uptake, water use and profitability of pearlmillet (Pennisetum glaucum) under rainfed conditions. Indian Journal of Agronomy, 51(4), 263-266."
320,"Kuri B.R., Yadav R.S., Kumawat A.",2012,Evaluation of pearl millet (Pennisetum glaucum) and mothbean (Vigna acconitifolia) intercropping systems in hyper arid partially irrigated north-western plains zone,"Kuri, B. R., Yadav, R. S., & Kumawat, A. (2014). Evaluation of pearl millet (Pennisetum glaucum) and mothbean (Vigna acconitifolia) intercropping systems in hyper arid partially irrigated north-western plains zone. Indian Journal of Agricultural Sciences, 82(11), 993-996."
570,"Singh R.J., Ahlawat I.P.S.",2015,Energy budgeting and carbon footprint of transgenic cotton–wheat production system through peanut intercropping and FYM addition,"Singh, R. J., & Ahlawat, I. P. S. (2015). Energy budgeting and carbon footprint of transgenic cotton-wheat production system through peanut intercropping and FYM addition. Environmental Monitoring and Assessment, 187(5), 16. doi:10.1007/s10661-015-4516-4"
453,"Parihar M.D., Parihar C.M., Nanwal R.K., Singh A.K., Jat S.L., Nayak H.S., Ghasal P.C., Jewlia H.R., Choudhary M., Jat M.L.",2019,Effect of different tillage and residue management practices on crop and water productivity and economics in maize (Zea mays) based rotations,"Parihar, M. D., Parihar, C. M., Nanwal, R. K., Singh, A. K., Jat, S. L., Nayak, H. S., . . . Jat, M. L. (2019). Effect of different tillage and residue management practices on crop and water productivity and economics in maize (Zea mays) based rotations. Indian Journal of Agricultural Sciences, 89(2), 360-366."
673,"Yadav M.R., Parihar C.M., Jat S.L., Singh A.K., Kumar R., Yadav R.K., Kuri B.R., Parihar M.D., Yadav B., Verma A.P., Jat M.L.",2017,Long term effect of legume intensified crop rotations and tillage practices on productivity and profitability of maize vis-a-vis soil fertility in North-Western Indo-Gangetic Plains of India,"Yadav, M. R., Parihar, C. M., Jat, S. L., Singh, A. K., Kumar, R., Yadav, R. K., . . . Jat, M. L. (2017). Long term effect of legume intensified crop rotations and tillage practices on productivity and profitability of maize vis-a-vis soil fertility in North-Western Indo-Gangetic Plains of India. Legume Research, 40(2), 282-290. doi:10.18805/1r.v0i0.7583"
410,"Naresh R.K., Singh S.P., Kumar P., Singh B., Singh P.K., Chauhan P., Rathore R.S.",2014,"Sustainability of maize (Zea mays)-wheat (Triticum aestivum) cropping system under legumes intercropping and effect of nitrogen level on light distribution, soil temperature and crop productivity","Naresh, R. K., Singh, S. P., Kumar, P., Singh, B., Singh, P. K., Chauhan, P., & Rathore, R. S. (2014). Sustainability of maize (Zea mays)-wheat (Triticum aestivum) cropping system under legumes intercropping and effect of nitrogen level on light distribution, soil temperature and crop productivity. Indian Journal of Agricultural Sciences, 84(6), 695-701."
546,"Sharma S.K., Singh J.",2014,Productivity and economics of castor (Ricinus communis) - based intercropping systems under rainfed conditions,"Sharma, S. K., & Singh, J. (2014). Productivity and economics of castor (Ricinus communis) - based intercropping systems under rainfed conditions. Indian Journal of Agricultural Sciences, 84(3), 432-435."
563,"Singh B., Dhaka A.K., Kumar S., Singh S., Kumar M.",2017,"Land, biological and economic evaluation of intercropping systems involving barley (Hordeum vulgare), Indian mustard (Brassica juncea) and chickpea (Cicer arietinum) under different spatial arrangements","Singh, B., Dhaka, A. K., Kumar, S., Singh, S., & Kumar, M. (2017). Land, biological and economic evaluation of intercropping systems involving barley (Hordeum vulgare), Indian mustard (Brassica juncea) and chickpea (Cicer arietinum) under different spatial arrangements. Indian Journal of Agronomy, 62(4), 443-450."
577,"Singh V.P., Singh V.K.",2001,Productivity potential and economics of maize (Zea mays) and soybean (Glycine max) intercroping patterns under rainfed low hill or valley situation of Uttaranchal,"Singh, U., Singh, S. R., Saad, A. A., Khanday, B. A., & Singh, J. K. (2011). Yield advantage, reciprosity functions and energy budgeting of lentil (Lens culinaris) + oat (Avena sativa) intercropping under varying row ratio and phosphorus management. Indian Journal of Agricultural Sciences, 81(3), 219-225."
154,"Dwivedi A., Singh A., Tomar S.S., Bankoti P., Singh O., Kumar K.",2016,Interaction effect of maize and mashbean intercropping on sustainable production system in subtropical Zone of India,"Dwivedi, A., Singh, A., Tomar, S. S., Bankoti, P., Singh, O., & Kumar, K. (2016). Interaction effect of maize and mashbean intercropping on sustainable production system in subtropical Zone of India. Nature Environment and Pollution Technology, 15(2), 661-665."
626,"Tripathi S.C., Singh R.P.",2008,Effect of crop diversification on productivity and profitability of rice (Oryza sativa) - Wheat (triticum aestivum) cropping system,"Tripathi, S. C., & Singh, R. P. (2008). Effect of crop diversification on productivity and profitability of rice (Oryza sativa) - Wheat (triticum aestivum) cropping system. Indian Journal of Agronomy, 53(1), 27-31."
99,"Chauhan D.S., Sharma R.K., Kharub A.S., Tripathi S.C., Chhokar R.S.",2001,"Effect of crop intensification on productivity, profitability, energetics and soil fertility in rice (Oryza sativa)-wheat (Triticum aestivum) cropping system of north-western plains","Chauhan, D. S., Sharma, R. K., Kharub, A. S., Tripathi, S. C., & Chhokar, R. S. (2001). Effect of crop intensification on productivity, profitability, energetics and soil fertility in rice (Oryza sativa)-wheat (Triticum aestivum) cropping system of north-western plains. Indian Journal of Agricultural Sciences, 71(5), 299-302."
258,"Jat R.D., Jat H.S., Nanwal R.K., Yadav A.K., Bana A., Choudhary K.M., Kakraliya S.K., Sutaliya J.M., Sapkota T.B., Jat M.L.",2018,Conservation agriculture and precision nutrient management practices in maize-wheat system: Effects on crop and water productivity and economic profitability,"Jat, R. D., Jat, H. S., Nanwal, R. K., Yadav, A. K., Bana, A., Choudhary, K. M., . . . Jat, M. L. (2018). Conservation agriculture and precision nutrient management practices in maize-wheat system: Effects on crop and water productivity and economic profitability. Field Crops Research, 222, 111-120. doi:10.1016/j.fcr.2018.03.025"
176,"Feng L., Raza M.A., Chen Y., Khalid M.H.B., Meraj T.A., Ahsan F., Fan Y., Du J., Wu X., Song C., Liu C., Bawa G., Zhang Z., Yuan S., Yang F., Yang W.",2019,Narrow-wide row planting pattern improves the light environment and seed yields of intercrop species in relay intercropping system,"Feng, L., Raza, M. A., Chen, Y., Khalid, M. H. B., Meraj, T. A., Ahsan, F., . . . Yang, W. (2019). Narrow-wide row planting pattern improves the light environment and seed yields of intercrop species in relay intercropping system. PLoS ONE, 14(2). doi:10.1371/journal.pone.0212885"
542,"Sharma N.K., Singh R.J., Mandal D., Kumar A., Alam N.M., Keesstra S.",2017,"Increasing farmer's income and reducing soil erosion using intercropping in rainfed maize-wheat rotation of Himalaya, India","Sharma, N. K., Singh, R. J., Mandal, D., Kumar, A., Alam, N. M., & Keesstra, S. (2017). Increasing farmer’s income and reducing soil erosion using intercropping in rainfed maize-wheat rotation of Himalaya, India. Agriculture, Ecosystems & Environment, 247, 43-53. doi:10.1016/j.agee.2017.06.026"
495,"Ranjan R., Sharma N.K., Kumar A., Pramanik M., Mehta H., Ojasvi P.R., Yadav R.S.",2021,"Evaluation of maize-based intercropping on runoff, soil loss, and yield in foothills of the Indian sub-Himalayas","Ranjan, R., Sharma, N. K., Kumar, A., Pramanik, M., Mehta, H., Ojasvi, P. R., & Yadav, R. S. (2021). Evaluation of maize-based intercropping on runoff, soil loss, and yield in foothills of the Indian sub-Himalayas. Experimental Agriculture, 57(2), 69-84. doi:10.1017/s0014479721000053"
278,"Kaur N., Bhullar M.S., Gill G.",2015,Weed management options for sugarcane-vegetable intercropping systems in north-western India,"Kaur, N., Bhullar, M. S., & Gill, G. (2015). Weed management options for sugarcane-vegetable intercropping systems in north-western India. Crop Protection, 74, 18-23. doi:10.1016/j.cropro.2015.03.025"
104,"Choudhary R., Singh P., Sidhu H.S., Nandal D.P., Jat H.S., Yadvinder-Singh, Jat M.L.",2016,Evaluation of tillage and crop establishment methods integrated with relay seeding of wheat and mungbean for sustainable intensification of cotton-wheat system in South Asia,"Choudhary, R., Singh, P., Sidhu, H. S., Nandal, D. P., Jat, H. S., Yadvinder, S., & Jat, M. L. (2016). Evaluation of tillage and crop establishment methods integrated with relay seeding of wheat and mungbean for sustainable intensification of cotton-wheat system in South Asia. Field Crops Research, 199, 31-41. doi:10.1016/j.fcr.2016.08.011"
295,"Khokhar A., Yousuf A., Singh M., Sharma V., Sandhu P.S., Chary G.R.",2021,"Impact of land configuration and strip-intercropping on runoff, soil loss and crop yields under rainfed conditions in the shivalik foothills of north-west, india","Khokhar, A., Yousuf, A., Singh, M., Sharma, V., Sandhu, P. S., & Chary, G. R. (2021). Impact of land configuration and strip-intercropping on runoff, soil loss and crop yields under rainfed conditions in the shivalik foothills of north-west, india. Sustainability (Switzerland), 13(11). doi:10.3390/su13116282"
631,"ul Haq M.I., Ahmad R., Jabbar A., Khalid M.",2018,The effect of different planting techniques on productivity and profitability of barley-lentil intercrops under semi-arid subtropical climate,"ul Haq, M. I., Ahmad, R., Jabbar, A., & Khalid, M. (2018). The effect of different planting techniques on productivity and profitability of barley-lentil intercrops under semi-arid subtropical climate. International Journal of Agriculture and Biology, 20(11), 2437-2445. doi:10.17957/IJAB/15.0787"
14,"Akhtar M., Yaqub M., Iqbal Z., Ashraf M.Y., Akhter J., Hussain F.",2010,Improvement in yield and nutrient uptake by cocropping of wheat and chickpea,"Akhtar, M., Yaqub, M., Iqbal, Z., Ashraf, M. Y., Akhter, J., & Hussain, F. (2010). Improvement in yield and nutrient uptake by cocropping of wheat and chickpea. Pakistan Journal of Botany, 42(6), 4043-4049."
709,"Zhang X, Chen T, Qi YK, et al",2022,Optimization of Rice-Based Double-Cropping System with Conservation Practice Mitigates Carbon Emission While Ensuring Profitability,"Zhang, X., Chen, T., Qi, Y. K., Yang, R. P., Deng, A. X., Wang, T. S., . . . Zhang, W. J. (2022). Optimization of Rice-Based Double-Cropping System with Conservation Practice Mitigates Carbon Emission While Ensuring Profitability. Agronomy-Basel, 12(4), 13. doi:10.3390/agronomy12040924"
413,"Nasrallah A., Belhouchette H., Baghdadi N., Mhawej M., Darwish T., Darwich S., Faour G.",2020,Performance of wheat-based cropping systems and economic risk of low relative productivity assessment in a sub-dry Mediterranean environment,"Nasrallah, A., Belhouchette, H., Baghdadi, N., Mhawej, M., Darwish, T., Darwich, S., & Faour, G. (2020). Performance of wheat-based cropping systems and economic risk of low relative productivity assessment in a sub-dry Mediterranean environment. European Journal of Agronomy, 113. doi:10.1016/j.eja.2019.125968"
567,"Singh L., Singh J.K., Chand L., Hasan B.",2009,"Productivity, economics and competitive indices of lentil (Lens Culinaris)-based intercropping systems in Kashmir valley","Singh, L., Singh, J. K., Chand, L., & Hasan, B. (2009). Productivity, economics and competitive indices of lentil (Lens Culinaris)-based intercropping systems in Kashmir valley. Indian Journal of Agronomy, 54(3), 291-295."
72,"Bhat R., Hussain S., Wani W.M., Banday F.A., Sharma M.K.",2015,"Effect of intercrops on productivity, quality, leaf nutrient status and relative economic yield of apple cv. Red Delicious","Bhat, R., Hussain, S., Wani, W. M., Banday, F. A., & Sharma, M. K. (2015). Effect of intercrops on productivity, quality, leaf nutrient status and relative economic yield of apple cv. Red Delicious. Journal of Applied Horticulture, 17(3), 213-216."
575,"Singh U., Singh S.R., Saad A.A., Khanday B.A., Singh J.K.",2011,"Yield advantage, reciprosity functions and energy budgeting of lentil (Lens culinaris) + oat (Avena sativa) intercropping under varying row ratio and phosphorus management",NA
337,"Li R., Lin H., Niu H., Chen Y., Zhao S., Fan L.",2019,"Smallholder preference and agroecosystem service trade-offs: A case study in Xinzheng County, China","Li, R., Lin, H., Niu, H., Chen, Y., Zhao, S., & Fan, L. (2019). Smallholder preference and agroecosystem service trade-offs: A case study in Xinzheng County, China. Agricultural Systems, 168, 19-26. doi:10.1016/j.agsy.2018.10.002"
185,"Fung K.M., Tai A.P.K., Yong T., Liu X., Lam H.-M.",2019,Co-benefits of intercropping as a sustainable farming method for safeguarding both food security and air quality,"Fung, K. M., Tai, A. P. K., Yong, T., Liu, X., & Lam, H. M. (2019). Co-benefits of intercropping as a sustainable farming method for safeguarding both food security and air quality. Environmental Research Letters, 14(4). doi:10.1088/1748-9326/aafc8b"
338,"LI Y.-H., SHI D.-Y., LI G.-H., ZHAO B., ZHANG J.-W., LIU P., REN B., DONG S.-T.",2019,"Maize/peanut intercropping increases photosynthetic characteristics, 13C-photosynthate distribution, and grain yield of summer maize","Li, Y.-h., Shi, D.-y., Li, G.-h., Zhao, B., Zhang, J.-w., Liu, P., . . . Dong, S.-t. (2019). Maize/peanut intercropping increases photosynthetic characteristics, 13C-photosynthate distribution, and grain yield of summer maize. Journal of Integrative Agriculture, 18(10), 2219-2229. doi:10.1016/s2095-3119(19)62616-x"
231,"Hokazono S., Hayashi K.",2015,Life cycle assessment of organic paddy rotation systems using land- and product-based indicators: a case study in Japan,"Hokazono, S., & Hayashi, K. (2015). Life cycle assessment of organic paddy rotation systems using land- and product-based indicators: a case study in Japan. International Journal of Life Cycle Assessment, 20(8), 1061-1075. doi:10.1007/s11367-015-0906-7"
772,"Christiansen, S., Ryan, J., Singh, M., Ates, S., Bahhady, F., Mohamed, K., Youssef, O., & Loss, S. (2015).",2015,Potential legume alternatives to fallow and wheat monoculture for Mediterranean environments,"Christiansen, S., Ryan, J., Singh, M., Ates, S., Bahhady, F., Mohamed, K., . . . Loss, S. (2015). Potential legume alternatives to fallow and wheat monoculture for Mediterranean environments. Crop & Pasture Science, 66(2), 113-121. doi:10.1071/cp14063"
708,"Zhao Y, Wang L, Lei X, et al",2021,Reducing carbon footprint without compromising grain security through relaxing cropping rotation system in the North China Plain,"Zhao, Y. X., Wang, L., Lei, X. Y., Wang, B., Cui, J. X., Xu, Y. N., . . . Sui, P. (2021). Reducing carbon footprint without compromising grain security through relaxing cropping rotation system in the North China Plain. Journal of Cleaner Production, 318, 11. doi:10.1016/j.jclepro.2021.128465"
682,"Yang X., Chen Y., Pacenka S., Gao W., Ma L., Wang G., Yan P., Sui P., Steenhuis T.S.",2015,Effect of diversified crop rotations on groundwater levels and crop water productivity in the North China Plain,"Yang, X., Chen, Y., Pacenka, S., Gao, W., Ma, L., Wang, G., . . . Steenhuis, T. S. (2015). Effect of diversified crop rotations on groundwater levels and crop water productivity in the North China Plain. Journal of Hydrology, 522, 428-438. doi:10.1016/j.jhydrol.2015.01.010"
715,"Yang CH, Fan ZL, Chai Q",2018,Agronomic and Economic Benefits of Pea/Maize Intercropping Systems in Relation to N Fertilizer and Maize Density,"Yang, C. H., Fan, Z. L., & Chai, Q. (2018). Agronomic and Economic Benefits of Pea/Maize Intercropping Systems in Relation to N Fertilizer and Maize Density. Agronomy-Basel, 8(4), 14. doi:10.3390/agronomy8040052"
59,"Batte M.T., Bacon K.J., Hopkins J.W.",1998,Measures of economic and environmental performance for alternative agricultural production systems,"Batte, M. T., Bacon, K. J., & Hopkins, J. W. (1998). Measures of economic and environmental performance for alternative agricultural production systems. Journal of Production Agriculture, 11(4), 428-438. doi:10.2134/jpa1998.0428"
425,"Nielsen D.C., Vigil M.F.",2017,Intensifying a semi-arid dryland crop rotation by replacing fallow with pea,"Nielsen, D. C., & Vigil, M. F. (2017). Intensifying a semi-arid dryland crop rotation by replacing fallow with pea. Agricultural Water Management, 186, 127-138. doi:10.1016/j.agwat.2017.03.003"
214,"Guvenc I., Yildirim E.",2006,Increasing productivity with intercropping systems in cabbage production,"Guvenc, I., & Yildirim, E. (2006). Increasing productivity with intercropping systems in cabbage production. Journal of Sustainable Agriculture, 28(4), 29-44. doi:10.1300/J064v28n04_04"
179,"Foltz J.C., Lee J.G., Martin M.A., Preckel P.V.",1995,Multiattribute assessment of alternative cropping systems,"Foltz, J. C., Lee, J. G., Martin, M. A., & Preckel, P. V. (1995). Multiattribute assessment of alternative cropping systems. American Journal of Agricultural Economics, 77(2), 408-420. doi:10.2307/1243550"
200,"Glenk K., Shrestha S., Topp C.F.E., Sánchez B., Iglesias A., Dibari C., Merante P.",2017,A farm level approach to explore farm gross margin effects of soil organic carbon management,"Glenk, K., Shrestha, S., Topp, C. F. E., Sánchez, B., Iglesias, A., Dibari, C., & Merante, P. (2017). A farm level approach to explore farm gross margin effects of soil organic carbon management. Agricultural Systems, 151, 33-46. doi:10.1016/j.agsy.2016.11.002"
272,"Karlen D.L., Hurley E.G., Andrews S.S., Cambardella C.A., Meek D.W., Duffy M.D., Mallarino A.P.",2006,Crop rotation effects on soil quality at three northern corn/soybean belt locations,"Karlen, D. L., Hurley, E. G., Andrews, S. S., Cambardella, C. A., Meek, D. W., Duffy, M. D., & Mallarino, A. P. (2006). Crop rotation effects on soil quality at three northern corn/soybean belt locations. Agronomy Journal, 98(3), 484-495. doi:10.2134/agronj2005.0098"
525,"Sanford G.R., Jackson R.D., Booth E.G., Hedtcke J.L., Picasso V.",2021,Perenniality and diversity drive output stability and resilience in a 26-year cropping systems experiment,"Sanford, G. R., Jackson, R. D., Booth, E. G., Hedtcke, J. L., & Picasso, V. (2021). Perenniality and diversity drive output stability and resilience in a 26-year cropping systems experiment. Field Crops Research, 263. doi:10.1016/j.fcr.2021.108071"
726,"Sun T, Feng XM, Lal R, et al",2021,Crop diversification practice faces a tradeoff between increasing productivity and reducing carbon footprints,"Sun, T., Feng, X. M., Lal, R., Cao, T. H., Guo, J. R., Deng, A. X., . . . Zhang, W. J. (2021). Crop diversification practice faces a tradeoff between increasing productivity and reducing carbon footprints. Agriculture Ecosystems & Environment, 321, 10. doi:10.1016/j.agee.2021.107614"
757,"Koskey G, Leoni F, Carlesi S, Avio L, Barberi P.",2022,Exploiting Plant Functional Diversity in Durum Wheat-Lentil Relay Intercropping to Stabilize Crop Yields under Contrasting Climatic Conditions,"Koskey, G., Leoni, F., Carlesi, S., Avio, L., & Barberi, P. (2022). Exploiting Plant Functional Diversity in Durum Wheat-Lentil Relay Intercropping to Stabilize Crop Yields under Contrasting Climatic Conditions. Agronomy-Basel, 12(1), 15. doi:10.3390/agronomy12010210"
738,"Qian X, Zang HD, Xu HS, et al.",2018,"Relay strip intercropping of oat with maize, sunflower and mung bean in semi-arid regions of Northeast China: Yield advantages and economic benefits","Qian, X., Zang, H. D., Xu, H. S., Hu, Y. G., Ren, C. Z., Guo, L. C., . . . Zeng, Z. H. (2018). Relay strip intercropping of oat with maize, sunflower and mung bean in semi-arid regions of Northeast China: Yield advantages and economic benefits. Field Crops Research, 223, 33-40. doi:10.1016/j.fcr.2018.04.004"
356,"MacWilliam S., Wismer M., Kulshreshtha S.",2014,Life cycle and economic assessment of Western Canadian pulse systems: The inclusion of pulses in crop rotations,"MacWilliam, S., Wismer, M., & Kulshreshtha, S. (2014). Life cycle and economic assessment of Western Canadian pulse systems: The inclusion of pulses in crop rotations. Agricultural Systems, 123, 43-53. doi:10.1016/j.agsy.2013.08.009"
711,"Zentner RP, Campbell CA, Selles F, et al",2007,Economics of spring wheat production systems using conventional tillage management in the Brown soil zone - Revisited,"Zentner, R. P., Wall, D. D., Nagy, C. N., Smith, E. G., Young, D. L., Miller, P. R., . . . Derksen, D. A. (2002). Economics of crop diversification and soil tillage opportunities in the Canadian prairies. Agronomy Journal, 94(2), 216-230. doi:10.2134/agronj2002.0220"
720,"Walburger AM, McKenzie RH, Seward K, Ulrich K",2004,The economics of sustainable agriculture alternatives on the semiarid Canadian prairies: The case for legumes and organic amendments,"Walburger, A. M., McKenzie, R. H., Seward, K., & Ulrich, K. (2004). The economics of sustainable agriculture alternatives on the semiarid Canadian prairies: The case for legumes and organic amendments. Journal of Sustainable Agriculture, 24(3), 51-69. doi:10.1300/J064v24n03_05"
227,"Himanen S.J., Mäkinen H., Rimhanen K., Savikko R.",2016,Engaging farmers in climate change adaptation planning: Assessing intercropping as a means to support farm adaptive capacity,"Himanen, S. J., Mäkinen, H., Rimhanen, K., & Savikko, R. (2016). Engaging farmers in climate change adaptation planning: Assessing intercropping as a means to support farm adaptive capacity. Agriculture (Switzerland), 6(3). doi:10.3390/agriculture6030034"
404,"Mwila M., Mhlanga B., Thierfelder C.",2021,Intensifying cropping systems through doubled-up legumes in Eastern Zambia,"Mwila, M., Mhlanga, B., & Thierfelder, C. (2021). Intensifying cropping systems through doubled-up legumes in Eastern Zambia. Sci Rep, 11(1), 8101. doi:10.1038/s41598-021-87594-0"
725,"Temeche D, Getachew E, Hailu G, Abebe A",2022,"Effect of Sorghum-Mung Bean Intercropping on Sorghum-Based Cropping System in the Lowlands of North Shewa, Ethiopia","Temeche, D., Getachew, E., Hailu, G., & Abebe, A. (2022). Effect of Sorghum-Mung Bean Intercropping on Sorghum-Based Cropping System in the Lowlands of North Shewa, Ethiopia. Advances in Agriculture, 2022, 7. doi:10.1155/2022/6987871"
421,"Ngwira A.R., Kabambe V., Simwaka P., Makoko K., Kamoyo K.",2020,Productivity and profitability of maize-legume cropping systems under conservation agriculture among smallholder farmers in Malawi,"Ngwira, A. R., Kabambe, V., Simwaka, P., Makoko, K., & Kamoyo, K. (2020). Productivity and profitability of maize-legume cropping systems under conservation agriculture among smallholder farmers in Malawi. Acta Agriculturae Scandinavica, Section B — Soil & Plant Science, 70(3), 241-251. doi:10.1080/09064710.2020.1712472"
767,"Falconnier, G. N., Descheemaeker, K., Van Mourik, T. A., & Giller, K. E. (2016, Feb).",2016,Unravelling the causes of variability in crop yields and treatment responses for better tailoring of options for sustainable intensification in southern Mali,"Falconnier, G. N., Descheemaeker, K., Van Mourik, T. A., & Giller, K. E. (2016). Unravelling the causes of variability in crop yields and treatment responses for better tailoring of options for sustainable intensification in southern Mali. Field Crops Research, 187, 113-126. doi:10.1016/j.fcr.2015.12.015"
768,"Falconnier, G. N., Descheemaeker, K., Van Mourik, T. A., Adam, M., Sogoba, B., & Giller, K. E. (2017, Sep).",2017,Co-learning cycles to support the design of innovative farm systems in southern Mali,"Falconnier, G. N., Descheemaeker, K., Van Mourik, T. A., Adam, M., Sogoba, B., & Giller, K. E. (2017). Co-learning cycles to support the design of innovative farm systems in southern Mali. European Journal of Agronomy, 89, 61-74. doi:10.1016/j.eja.2017.06.008"
319,"Kuntashula E., Chabala L.M., Mulenga B.P.",2014,Impact of minimum tillage and crop rotation as climate change adaptation strategies on farmer welfare in smallholder farming systems of Zambia,"Kuntashula, E., Chabala, L. M., & Mulenga, B. P. (2014). Impact of minimum tillage and crop rotation as climate change adaptation strategies on farmer welfare in smallholder farming systems of Zambia. Journal of Sustainable Development, 7(4), 95-110. doi:10.5539/jsd.v7n4p95"
102,"Chimonyo V.G.P., Snapp S.S., Chikowo R.",2019,Grain legumes increase yield stability in maize based cropping systems,"Chimonyo, V. G. P., Snapp, S. S., & Chikowo, R. (2019). Grain legumes increase yield stability in maize based cropping systems. Crop Science, 59(3), 1222-1235. doi:10.2135/cropsci2018.09.0532"
587,"Son H.N., Kingsbury A., Hoa H.T.",2021,Indigenous knowledge and the enhancement of community resilience to climate change in the Northern Mountainous Region of Vietnam,"Son, H. N., Kingsbury, A., & Hoa, H. T. (2020). Indigenous knowledge and the enhancement of community resilience to climate change in the Northern Mountainous Region of Vietnam. Agroecology and Sustainable Food Systems, 45(4), 499-522. doi:10.1080/21683565.2020.1829777"
50,"Baishya L.K., Ansari M.A., Sarkar D., Ghosh M., Kumar S., Prakash N.",2016,Productivity enhancement in shifting cultivated lands through biofertilizer and micro-dosing of NPK in Eastern HiMalayan Region,"Baishya, L. K., Ansari, M. A., Sarkar, D., Ghosh, M., Kumar, S., & Prakash, N. (2016). Productivity enhancement in shifting cultivated lands through biofertilizer and micro-dosing of NPK in Eastern HiMalayan Region. Research on Crops, 17(2), 268-275. doi:10.5958/2348-7542.2016.00046.2"
140,"Devkota M., Yigezu Y.A.",2020,Explaining yield and gross margin gaps for sustainable intensification of the wheat-based systems in a Mediterranean climate,"Devkota, M., & Yigezu, Y. A. (2020). Explaining yield and gross margin gaps for sustainable intensification of the wheat-based systems in a Mediterranean climate. Agricultural Systems, 185. doi:10.1016/j.agsy.2020.102946"
733,"Shah TM, Tasawwar S, Bhat MA, Otterpohl R.",2021,"Intercropping in Rice Farming under the System of Rice Intensification-An Agroecological Strategy for Weed Control, Better Yield, Increased Returns, and Social-Ecological Sustainability","Shah, T. M., Tasawwar, S., Bhat, M. A., & Otterpohl, R. (2021). Intercropping in Rice Farming under the System of Rice Intensification-An Agroecological Strategy for Weed Control, Better Yield, Increased Returns, and Social-Ecological Sustainability. Agronomy-Basel, 11(5), 21. doi:10.3390/agronomy11051010"
61,"Bedoussac L., Journet E.-P., Hauggaard-Nielsen H., Naudin C., Corre-Hellou G., Jensen E.S., Prieur L., Justes E.",2015,Ecological principles underlying the increase of productivity achieved by cereal-grain legume intercrops in organic farming. A review,"Bedoussac, L., Journet, E. P., Hauggaard-Nielsen, H., Naudin, C., Corre-Hellou, G., Jensen, E. S., . . . Justes, E. (2015). Ecological principles underlying the increase of productivity achieved by cereal-grain legume intercrops in organic farming. A review. Agronomy for Sustainable Development, 35(3), 911-935. doi:10.1007/s13593-014-0277-7"
444,"Palaniappan S.P., Balasubramanian R., Ramesh T., Chandrasekaran A., Mani K.G., Velayutham M., Lal R.",2009,Sustainable management of dryland alfisols (Red Soils) in South India,"Palaniappan, S. P., Balasubramanian, R., Ramesh, T., Chandrasekaran, A., Mani, K. G., Velayutham, M., & Lal, R. (2009). Sustainable Management of Dryland Alfisols (Red Soils) in South India. Journal of Crop Improvement, 23(3), 275-299. doi:10.1080/15427520902809888"
165,"Emeghebe A.M., Ellis-Jones J., Schulz S., Chikoye D., Douthwaite B., Kureh I., Tarawali G., Hussaini M.A., Kormawa P., Sanni A.",2004,Farmers' perception of the Striga problem and its control in northern Nigeria,"Emeghebe, A. M., Ellis-Jones, J., Schulz, S., Chikoye, D., Douthwaite, B., Kureh, I., . . . Sanni, A. (2004). Farmers' perception of the Striga problem and its control in northern Nigeria. Experimental Agriculture, 40(2), 215-232. doi:10.1017/S0014479703001601"
97,"Chapagain T., Pudasaini R., Ghimire B., Gurung K., Choi K., Rai L., Magar S., BK B., Raizada M.N.",2018,"Intercropping of maize, millet, mustard, wheat and ginger increased land productivity and potential economic returns for smallholder terrace farmers in Nepal","Chapagain, T., Pudasaini, R., Ghimire, B., Gurung, K., Choi, K., Rai, L., . . . Raizada, M. N. (2018). Intercropping of maize, millet, mustard, wheat and ginger increased land productivity and potential economic returns for smallholder terrace farmers in Nepal. Field Crops Research, 227, 91-101. doi:10.1016/j.fcr.2018.07.016"
778,"Beres, B. L., Lupwayi, N. Z., Larney, F. J., Ellert, B., Smith, E. G., Turkington, T. K., Pageau, D., Semagn, K., & Wang, Z. (2018, Dec).",2018,Rotational Diversity Effects in a Triticale-based Cropping System,"Beres, B. L., Lupwayi, N. Z., Larney, F. J., Ellert, B., Smith, E. G., Turkington, T. K., . . . Wang, Z. (2018). Rotational Diversity Effects in a Triticale-based Cropping System. Cereal Research Communications, 46(4), 717-728. doi:10.1556/0806.46.2018.051"
19,"Alemayehu A., Tamado T., Nigussie D., Yigzaw D., Kinde T., Wortmann C.S.",2017,Maize-common bean intercropping to optimize maize-based crop production,"Alemayehu, A., Tamado, T., Nigussie, D., Yigzaw, D., Kinde, T., & Wortmann, C. S. (2017). Maize-common bean intercropping to optimize maize-based crop production. Journal of Agricultural Science, 155(7), 1124-1136. doi:10.1017/S0021859617000193"
39,"Arunrat N., Wang C., Pumijumnong N.",2016,Alternative cropping systems for greenhouse gases mitigation in rice field: a case study in Phichit province of Thailand,"Arunrat, N., Wang, C., & Pumijumnong, N. (2016). Alternative cropping systems for greenhouse gases mitigation in rice field: a case study in Phichit province of Thailand. Journal of Cleaner Production, 133, 657-671. doi:10.1016/j.jclepro.2016.05.137"
74,"Bitew Y., Alemayehu G., Adgo E., Assefa A.",2020,"Competition, production efficiency and yield stability of finger millet and legume additive design intercropping","Bitew, Y., Alemayehu, G., Adgo, E., & Assefa, A. (2020). Competition, production efficiency and yield stability of finger millet and legume additive design intercropping. Renewable Agriculture and Food Systems. doi:10.1017/S1742170520000101"
