"uniqueID","StudyID_IDALL","Authors","Year","Title","Citation","Unit_analysis","Study_design","Case_countries","Continent","Worldbank_national_income_group","Synthetic_fertiliser_category","Water_source","Biodiv_services_average_percent_transf","Biodiv_services_average","Biodiversity_composition_spp_occurrence_abunndance","Biodiversity_structure_habitat","Biodiversity_functions_processes_soil_organic_carbon","Recoded_spect_of_function","Econ_wellbeing_average_percent_transf","Econ_wellbeing_average","Profit","Financial_security","Physical_capital","Savings_labour_cost","Combined_ecological_social_outcome"
24,50,"Baishya L.K., Ansari M.A., Sarkar D., Ghosh M., Kumar S., Prakash N.",2016,"Productivity enhancement in shifting cultivated lands through biofertilizer and micro-dosing of NPK in Eastern HiMalayan Region","Baishya, L. K., Ansari, M. A., Sarkar, D., Ghosh, M., Kumar, S., & Prakash, N. (2016). Productivity enhancement in shifting cultivated lands through biofertilizer and micro-dosing of NPK in Eastern HiMalayan Region. Research on Crops, 17(2), 268-275. doi:10.5958/2348-7542.2016.00046.2","Farm","Experiment (on farm)","India","Asia","LMIC","Synthetic - below threshold","rainfed",15.38462,1.1538462,"NA","NA",1.1538462,"Energy flows",66.8202555,1.668202555,1.668202555,"NA","NA",NA,"Win-Win"
25,50,"Baishya L.K., Ansari M.A., Sarkar D., Ghosh M., Kumar S., Prakash N.",2016,"Productivity enhancement in shifting cultivated lands through biofertilizer and micro-dosing of NPK in Eastern HiMalayan Region","Baishya, L. K., Ansari, M. A., Sarkar, D., Ghosh, M., Kumar, S., & Prakash, N. (2016). Productivity enhancement in shifting cultivated lands through biofertilizer and micro-dosing of NPK in Eastern HiMalayan Region. Research on Crops, 17(2), 268-275. doi:10.5958/2348-7542.2016.00046.2","Farm","Experiment (on farm)","India","Asia","LMIC","Synthetic - below threshold","rainfed",23.07692,1.2307692,"NA","NA",1.2307692,"Energy flows",203.1706204,3.031706204,3.031706204,"NA","NA",NA,"Win-Win"
26,50,"Baishya L.K., Ansari M.A., Sarkar D., Ghosh M., Kumar S., Prakash N.",2016,"Productivity enhancement in shifting cultivated lands through biofertilizer and micro-dosing of NPK in Eastern HiMalayan Region","Baishya, L. K., Ansari, M. A., Sarkar, D., Ghosh, M., Kumar, S., & Prakash, N. (2016). Productivity enhancement in shifting cultivated lands through biofertilizer and micro-dosing of NPK in Eastern HiMalayan Region. Research on Crops, 17(2), 268-275. doi:10.5958/2348-7542.2016.00046.2","Farm","Experiment (on farm)","India","Asia","LMIC","Synthetic - below threshold","rainfed",18.64407,1.1864407,"NA","NA",1.1864407,"Energy flows",32.2730924,1.322730924,1.322730924,"NA","NA",NA,"Win-Win"
27,50,"Baishya L.K., Ansari M.A., Sarkar D., Ghosh M., Kumar S., Prakash N.",2016,"Productivity enhancement in shifting cultivated lands through biofertilizer and micro-dosing of NPK in Eastern HiMalayan Region","Baishya, L. K., Ansari, M. A., Sarkar, D., Ghosh, M., Kumar, S., & Prakash, N. (2016). Productivity enhancement in shifting cultivated lands through biofertilizer and micro-dosing of NPK in Eastern HiMalayan Region. Research on Crops, 17(2), 268-275. doi:10.5958/2348-7542.2016.00046.2","Farm","Experiment (on farm)","India","Asia","LMIC","Synthetic - below threshold","rainfed",27.11864,1.2711864,"NA","NA",1.2711864,"Energy flows",128.3148594,2.283148594,2.283148594,"NA","NA",NA,"Win-Win"
29,782,"Baishya, L. K., Jamir, T., Walling, N., & Rajkhowa, D. J. (2021, Nov).",2021,"Evaluation of Maize (Zea mays L.) plus Legume Intercropping System for Productivity, Profitability, Energy Budgeting and Soil Health in Hill Terraces of Eastern Himalayan Region","Baishya, L. K., Jamir, T., Walling, N., & Rajkhowa, D. J. (2021). Evaluation of Maize (Zea mays L.) plus Legume Intercropping System for Productivity, Profitability, Energy Budgeting and Soil Health in Hill Terraces of Eastern Himalayan Region. Legume Research, 44(11), 1343-1347. doi:10.18805/lr-4190","Plot","Experiment (research station)","India","Asia","LMIC","Synthetic - below threshold","rainfed",31.8181818181818,1.31818181818182,"NA","NA",1.31818181818182,"Carbon",2.83791691156263,1.02837916911563,1.24600466995708,"1.0362537764350455","0.80287906095475758",NA,"Win-Mix"
30,782,"Baishya, L. K., Jamir, T., Walling, N., & Rajkhowa, D. J. (2021, Nov).",2021,"Evaluation of Maize (Zea mays L.) plus Legume Intercropping System for Productivity, Profitability, Energy Budgeting and Soil Health in Hill Terraces of Eastern Himalayan Region","Baishya, L. K., Jamir, T., Walling, N., & Rajkhowa, D. J. (2021). Evaluation of Maize (Zea mays L.) plus Legume Intercropping System for Productivity, Profitability, Energy Budgeting and Soil Health in Hill Terraces of Eastern Himalayan Region. Legume Research, 44(11), 1343-1347. doi:10.18805/lr-4191","Plot","Experiment (research station)","India","Asia","LMIC","Synthetic - below threshold","rainfed",44.1558441558441,1.44155844155844,"NA","NA",1.44155844155844,"Carbon",4.69469267817704,1.04694692678177,1.147166566463,"1.0694864048338368","0.92418780904847719",NA,"Win-Mix"
31,782,"Baishya, L. K., Jamir, T., Walling, N., & Rajkhowa, D. J. (2021, Nov).",2021,"Evaluation of Maize (Zea mays L.) plus Legume Intercropping System for Productivity, Profitability, Energy Budgeting and Soil Health in Hill Terraces of Eastern Himalayan Region","Baishya, L. K., Jamir, T., Walling, N., & Rajkhowa, D. J. (2021). Evaluation of Maize (Zea mays L.) plus Legume Intercropping System for Productivity, Profitability, Energy Budgeting and Soil Health in Hill Terraces of Eastern Himalayan Region. Legume Research, 44(11), 1343-1347. doi:10.18805/lr-4192","Plot","Experiment (research station)","India","Asia","LMIC","Synthetic - below threshold","rainfed",50,1.5,"NA","NA",1.5,"Carbon",3.81018872757171,1.03810188727572,1.11387564491548,"1.0589123867069485","0.94151763020472301",NA,"Win-Mix"
32,56,"Banjara T.R., Bohra J.S., Kumar S., Singh T., Shori A., Prajapat K.",2021,"Sustainable alternative crop rotations to the irrigated rice-wheat cropping system of Indo-Gangetic plains of India","Banjara, T. R., Bohra, J. S., Kumar, S., Singh, T., Shori, A., & Prajapat, K. (2021). Sustainable alternative crop rotations to the irrigated rice-wheat cropping system of Indo-Gangetic plains of India. Archives of Agronomy and Soil Science. doi:10.1080/03650340.2021.1912324","Plot","Experiment (research station)","India","Asia","LMIC","Synthetic - below threshold","irrigation",7.90123,1.0790123,"NA","NA",1.0790123,"Carbon",80.2556818,1.802556818,1.802556818,"NA","NA",NA,"Mix-Win"
40,778,"Beres, B. L., Lupwayi, N. Z., Larney, F. J., Ellert, B., Smith, E. G., Turkington, T. K., Pageau, D., Semagn, K., & Wang, Z. (2018, Dec).",2018,"Rotational Diversity Effects in a Triticale-based Cropping System","Beres, B. L., Lupwayi, N. Z., Larney, F. J., Ellert, B., Smith, E. G., Turkington, T. K., . . . Wang, Z. (2018). Rotational Diversity Effects in a Triticale-based Cropping System. Cereal Research Communications, 46(4), 717-728. doi:10.1556/0806.46.2018.051","Plot","Experiment (research station)","Canada","North America","HIC","Unknown","irrigation",25.8501550757485,1.25850155075749,"1.4377951807228915","NA",1.07920792079208,"Carbon",14.1935483870968,1.14193548387097,1.14193548387097,"NA","NA",NA,"Win-Win"
53,99,"Chauhan D.S., Sharma R.K., Kharub A.S., Tripathi S.C., Chhokar R.S.",2001,"Effect of crop intensification on productivity, profitability, energetics and soil fertility in rice (Oryza sativa)-wheat (Triticum aestivum) cropping system of north-western plains","Chauhan, D. S., Sharma, R. K., Kharub, A. S., Tripathi, S. C., & Chhokar, R. S. (2001). Effect of crop intensification on productivity, profitability, energetics and soil fertility in rice (Oryza sativa)-wheat (Triticum aestivum) cropping system of north-western plains. Indian Journal of Agricultural Sciences, 71(5), 299-302.","Plot","Experiment (research station)","India","Asia","LMIC","No synthetic","irrigation",8.92857,1.0892857,"NA","NA",1.0892857,"Carbon",28.7423155,1.287423155,1.287423155,"NA","Negative",NA,"Win-Mix"
54,99,"Chauhan D.S., Sharma R.K., Kharub A.S., Tripathi S.C., Chhokar R.S.",2001,"Effect of crop intensification on productivity, profitability, energetics and soil fertility in rice (Oryza sativa)-wheat (Triticum aestivum) cropping system of north-western plains","Chauhan, D. S., Sharma, R. K., Kharub, A. S., Tripathi, S. C., & Chhokar, R. S. (2001). Effect of crop intensification on productivity, profitability, energetics and soil fertility in rice (Oryza sativa)-wheat (Triticum aestivum) cropping system of north-western plains. Indian Journal of Agricultural Sciences, 71(5), 299-302.","Plot","Experiment (research station)","India","Asia","LMIC","No synthetic","irrigation",6.63265,1.0663265,"NA","NA",1.0663265,"Carbon",6.3626177,1.063626177,1.063626177,"NA","Negative",NA,"Mix-Mix"
71,128,"Das R., Dhara P.K., Mandal A.R., Ray S.K.D.",2014,"Agri-silvi-fruit-vegetable based agro-production system - Suitable models for sustainable land use and conservation in red-laterite and semi-arid tracks","Das, R., Dhara, P. K., Mandal, A. R., & Ray, S. K. D. (2014). Agri-silvi-fruit-vegetable based agro-production system - Suitable models for sustainable land use and conservation in red-laterite and semi-arid tracks. Ecology, Environment and Conservation, 20, S7-S13.","Plot","Experiment (on farm)","India","Asia","LMIC","No synthetic","rainfed",600.28011,7.0028011,"NA","NA",7.0028011,"Carbon",332.1428571,4.321428571,4.321428571,"NA","NA",NA,"Win-Win"
72,128,"Das R., Dhara P.K., Mandal A.R., Ray S.K.D.",2014,"Agri-silvi-fruit-vegetable based agro-production system - Suitable models for sustainable land use and conservation in red-laterite and semi-arid tracks","Das, R., Dhara, P. K., Mandal, A. R., & Ray, S. K. D. (2014). Agri-silvi-fruit-vegetable based agro-production system - Suitable models for sustainable land use and conservation in red-laterite and semi-arid tracks. Ecology, Environment and Conservation, 20, S7-S13.","Plot","Experiment (on farm)","India","Asia","LMIC","No synthetic","rainfed",460.22409,5.6022409,"NA","NA",5.6022409,"Carbon",422.7678571,5.227678571,5.227678571,"NA","NA",NA,"Win-Win"
89,195,"Ghosh P.K., Hazra K.K., Venkatesh M.S., Praharaj C.S., Kumar N., Nath C.P., Singh U., Singh S.S.",2020,"Grain legume inclusion in cereal-cereal rotation increased base crop productivity in the long run","Ghosh, P. K., Hazra, K. K., Venkatesh, M. S., Praharaj, C. S., Kumar, N., Nath, C. P., . . . Singh, S. S. (2020). Grain legume inclusion in cereal-cereal rotation increased base crop productivity in the long run. Experimental Agriculture, 56(1), 142-158. doi:10.1017/s0014479719000243","Plot","Experiment (research station)","India","Asia","LMIC","Synthetic - below threshold","irrigation",35.0365,1.350365,"NA","NA",1.350365,"Carbon",142.857142857143,2.42857142857143,2.42857142857143,"Positive","Positive",NA,"Win-Win"
90,195,"Ghosh P.K., Hazra K.K., Venkatesh M.S., Praharaj C.S., Kumar N., Nath C.P., Singh U., Singh S.S.",2020,"Grain legume inclusion in cereal-cereal rotation increased base crop productivity in the long run","Ghosh, P. K., Hazra, K. K., Venkatesh, M. S., Praharaj, C. S., Kumar, N., Nath, C. P., . . . Singh, S. S. (2020). Grain legume inclusion in cereal-cereal rotation increased base crop productivity in the long run. Experimental Agriculture, 56(1), 142-158. doi:10.1017/s0014479719000243","Plot","Experiment (research station)","India","Asia","LMIC","Synthetic - below threshold","irrigation",24,1.24,"NA","NA",1.24,"Carbon",70.8333333333333,1.70833333333333,2.41666666666667,"1","Positive",NA,"Win-Mix"
91,195,"Ghosh P.K., Hazra K.K., Venkatesh M.S., Praharaj C.S., Kumar N., Nath C.P., Singh U., Singh S.S.",2020,"Grain legume inclusion in cereal-cereal rotation increased base crop productivity in the long run","Ghosh, P. K., Hazra, K. K., Venkatesh, M. S., Praharaj, C. S., Kumar, N., Nath, C. P., . . . Singh, S. S. (2020). Grain legume inclusion in cereal-cereal rotation increased base crop productivity in the long run. Experimental Agriculture, 56(1), 142-158. doi:10.1017/s0014479719000243","Plot","Experiment (research station)","India","Asia","LMIC","Synthetic - below threshold","irrigation",6.56934306569343,1.06569343065693,"NA","NA",1.06569343065693,"Carbon",66.6666666666667,1.66666666666667,1.66666666666667,"Positive","Positive",NA,"Win-Win"
92,195,"Ghosh P.K., Hazra K.K., Venkatesh M.S., Praharaj C.S., Kumar N., Nath C.P., Singh U., Singh S.S.",2020,"Grain legume inclusion in cereal-cereal rotation increased base crop productivity in the long run","Ghosh, P. K., Hazra, K. K., Venkatesh, M. S., Praharaj, C. S., Kumar, N., Nath, C. P., . . . Singh, S. S. (2020). Grain legume inclusion in cereal-cereal rotation increased base crop productivity in the long run. Experimental Agriculture, 56(1), 142-158. doi:10.1017/s0014479719000243","Plot","Experiment (research station)","India","Asia","LMIC","Synthetic - below threshold","irrigation",19.2,1.192,"NA","NA",1.192,"Carbon",16.6666666666667,1.16666666666667,1.33333333333333,"1","Positive",NA,"Win-Mix"
98,200,"Glenk K., Shrestha S., Topp C.F.E., Sánchez B., Iglesias A., Dibari C., Merante P.",2017,"A farm level approach to explore farm gross margin effects of soil organic carbon management","Glenk, K., Shrestha, S., Topp, C. F. E., Sánchez, B., Iglesias, A., Dibari, C., & Merante, P. (2017). A farm level approach to explore farm gross margin effects of soil organic carbon management. Agricultural Systems, 151, 33-46. doi:10.1016/j.agsy.2016.11.002","Farm","Model (Aragon Census Data for Aragon, Spain)","Spain","Europe","HIC","Synthetic - below threshold","rainfed",300,4,"NA","NA",4,"Carbon",26,1.26,1.26,"Positive","Positive",NA,"Mix-Win"
113,251,"Islami T., Guritno B., Utomo W.H.",2011,"Performance of cassava (Manihot esculenta Crantz) based cropping systems and associated soil quality changes in the degraded tropical uplands of East Java, Indonesia","Islami, T., Guritno, B., & Utomo, W. H. (2011). Performance of cassava (Manihot esculenta Crantz) based cropping systems and associated soil quality changes in the degraded tropical uplands of East Java, Indonesia. Journal of Tropical Agriculture, 49, 31-39.","Plot","Experiment (on farm)","Indonesia","Asia","LMIC","Synthetic - below threshold","irrigation",17.67435,1.1767435,"NA","NA",1.1767435,"Carbon",203.75,3.0375,3.0375,"NA","Negative",NA,"Mix-Mix"
114,251,"Islami T., Guritno B., Utomo W.H.",2011,"Performance of cassava (Manihot esculenta Crantz) based cropping systems and associated soil quality changes in the degraded tropical uplands of East Java, Indonesia","Islami, T., Guritno, B., & Utomo, W. H. (2011). Performance of cassava (Manihot esculenta Crantz) based cropping systems and associated soil quality changes in the degraded tropical uplands of East Java, Indonesia. Journal of Tropical Agriculture, 49, 31-39.","Plot","Experiment (on farm)","Indonesia","Asia","LMIC","Synthetic - below threshold","irrigation",-3.2949,0.967051,"NA","NA",0.967051,"Carbon",27.5,1.275,1.275,"NA","Negative",NA,"Mix-Mix"
115,251,"Islami T., Guritno B., Utomo W.H.",2011,"Performance of cassava (Manihot esculenta Crantz) based cropping systems and associated soil quality changes in the degraded tropical uplands of East Java, Indonesia","Islami, T., Guritno, B., & Utomo, W. H. (2011). Performance of cassava (Manihot esculenta Crantz) based cropping systems and associated soil quality changes in the degraded tropical uplands of East Java, Indonesia. Journal of Tropical Agriculture, 49, 31-39.","Plot","Experiment (on farm)","Indonesia","Asia","LMIC","Synthetic - below threshold","irrigation",4.80877,1.0480877,"NA","NA",1.0480877,"Carbon",-32.5,0.675,0.675,"NA","Negative",NA,"Mix-Mix"
116,251,"Islami T., Guritno B., Utomo W.H.",2011,"Performance of cassava (Manihot esculenta Crantz) based cropping systems and associated soil quality changes in the degraded tropical uplands of East Java, Indonesia","Islami, T., Guritno, B., & Utomo, W. H. (2011). Performance of cassava (Manihot esculenta Crantz) based cropping systems and associated soil quality changes in the degraded tropical uplands of East Java, Indonesia. Journal of Tropical Agriculture, 49, 31-39.","Plot","Experiment (on farm)","Indonesia","Asia","LMIC","Synthetic - below threshold","irrigation",12.30784,1.1230784,"NA","NA",1.1230784,"Carbon",-58.75,0.4125,0.4125,"NA","Negative",NA,"Mix-Mix"
126,259,"Jat R.S., Choudhary R.L., Singh H.V., Meena M.K., Singh V.V., Rai P.K.",2021,"Sustainability, productivity, profitability and soil health with conservation agriculture based sustainable intensification of oilseed brassica production system","Jat, R. S., Choudhary, R. L., Singh, H. V., Meena, M. K., Singh, V. V., & Rai, P. K. (2021). Sustainability, productivity, profitability and soil health with conservation agriculture based sustainable intensification of oilseed brassica production system. Scientific Reports, 11(1). doi:10.1038/s41598-021-92801-z","Plot","Experiment (on farm)","India","Asia","LMIC","Synthetic - below threshold","irrigation",12.9423,1.129423,"NA","NA",1.129423,"Carbon",37.6452363,1.376452363,1.376452363,"NA","NA",NA,"Win-Win"
127,259,"Jat R.S., Choudhary R.L., Singh H.V., Meena M.K., Singh V.V., Rai P.K.",2021,"Sustainability, productivity, profitability and soil health with conservation agriculture based sustainable intensification of oilseed brassica production system","Jat, R. S., Choudhary, R. L., Singh, H. V., Meena, M. K., Singh, V. V., & Rai, P. K. (2021). Sustainability, productivity, profitability and soil health with conservation agriculture based sustainable intensification of oilseed brassica production system. Scientific Reports, 11(1). doi:10.1038/s41598-021-92801-z","Plot","Experiment (on farm)","India","Asia","LMIC","Synthetic - below threshold","irrigation",23.92517,1.2392517,"NA","NA",1.2392517,"Carbon",43.609605,1.43609605,1.43609605,"NA","NA",NA,"Win-Win"
160,337,"Li R., Lin H., Niu H., Chen Y., Zhao S., Fan L.",2019,"Smallholder preference and agroecosystem service trade-offs: A case study in Xinzheng County, China","Li, R., Lin, H., Niu, H., Chen, Y., Zhao, S., & Fan, L. (2019). Smallholder preference and agroecosystem service trade-offs: A case study in Xinzheng County, China. Agricultural Systems, 168, 19-26. doi:10.1016/j.agsy.2018.10.002","Farm","Recall + Simulation model","China","Asia","UMIC","Unknown","irrigation",2.69407636759929,1.02694076367599,"NA","NA",1.02694076367599,"Carbon",4.86624626348804,1.04866246263488,1.04866246263488,"Positive","NA",NA,"Mix-Mix"
164,356,"MacWilliam S., Wismer M., Kulshreshtha S.",2014,"Life cycle and economic assessment of Western Canadian pulse systems: The inclusion of pulses in crop rotations","MacWilliam, S., Wismer, M., & Kulshreshtha, S. (2014). Life cycle and economic assessment of Western Canadian pulse systems: The inclusion of pulses in crop rotations. Agricultural Systems, 123, 43-53. doi:10.1016/j.agsy.2013.08.009","Functional unit (one tonne of grain)","Simulation model (LCA)","Canada","North America","HIC","Synthetic - below threshold","rainfed",3.50000000000001,1.035,"NA","1.06",1.01,"Habitat quality",34,1.34,1.34,"Positive","Mixed",NA,"Win-Mix"
165,356,"MacWilliam S., Wismer M., Kulshreshtha S.",2014,"Life cycle and economic assessment of Western Canadian pulse systems: The inclusion of pulses in crop rotations","MacWilliam, S., Wismer, M., & Kulshreshtha, S. (2014). Life cycle and economic assessment of Western Canadian pulse systems: The inclusion of pulses in crop rotations. Agricultural Systems, 123, 43-53. doi:10.1016/j.agsy.2013.08.009","Functional unit (one tonne of grain)","Simulation model (LCA)","Canada","North America","HIC","Synthetic - below threshold","rainfed",17,1.17,"NA","1.17",1.17,"Habitat quality",17,1.17,1.17,"Positive","Mixed",NA,"Win-Mix"
191,406,"Naab J.B., Mahama G.Y., Yahaya I., Prasad P.V.V.",2017,"Conservation agriculture improves soil quality, crop yield, and incomes of smallholder farmers in north western Ghana","Naab, J. B., Mahama, G. Y., Yahaya, I., & Prasad, P. V. V. (2017). Conservation Agriculture Improves Soil Quality, Crop Yield, and Incomes of Smallholder Farmers in North Western Ghana. Front Plant Sci, 8, 996. doi:10.3389/fpls.2017.00996","Farm","Experiment (on farm)","Ghana","Africa","LMIC","Synthetic - below threshold","rainfed",15.2777777777778,1.15277777777778,"NA","NA",1.15277777777778,"Carbon",56.4984489273429,1.56498448927343,2.41978300633982,"NA","NA","0.71018597220703583","Win-Mix"
198,410,"Naresh R.K., Singh S.P., Kumar P., Singh B., Singh P.K., Chauhan P., Rathore R.S.",2014,"Sustainability of maize (Zea mays)-wheat (Triticum aestivum) cropping system under legumes intercropping and effect of nitrogen level on light distribution, soil temperature and crop productivity","Naresh, R. K., Singh, S. P., Kumar, P., Singh, B., Singh, P. K., Chauhan, P., & Rathore, R. S. (2014). Sustainability of maize (Zea mays)-wheat (Triticum aestivum) cropping system under legumes intercropping and effect of nitrogen level on light distribution, soil temperature and crop productivity. Indian Journal of Agricultural Sciences, 84(6), 695-701.","Field","Experiment (research station)","India","Asia","LMIC","Synthetic - below threshold","irrigation",19.23077,1.1923077,"NA","NA",1.1923077,"NA",3.90625,1.0390625,1.0390625,"NA","NA","NA","Mix-Win"
199,410,"Naresh R.K., Singh S.P., Kumar P., Singh B., Singh P.K., Chauhan P., Rathore R.S.",2014,"Sustainability of maize (Zea mays)-wheat (Triticum aestivum) cropping system under legumes intercropping and effect of nitrogen level on light distribution, soil temperature and crop productivity","Naresh, R. K., Singh, S. P., Kumar, P., Singh, B., Singh, P. K., Chauhan, P., & Rathore, R. S. (2014). Sustainability of maize (Zea mays)-wheat (Triticum aestivum) cropping system under legumes intercropping and effect of nitrogen level on light distribution, soil temperature and crop productivity. Indian Journal of Agricultural Sciences, 84(6), 695-701.","Field","Experiment (research station)","India","Asia","LMIC","Synthetic - below threshold","irrigation",28.84615,1.2884615,"NA","NA",1.2884615,"NA",4.6875,1.046875,1.046875,"NA","NA","NA","Mix-Win"
200,410,"Naresh R.K., Singh S.P., Kumar P., Singh B., Singh P.K., Chauhan P., Rathore R.S.",2014,"Sustainability of maize (Zea mays)-wheat (Triticum aestivum) cropping system under legumes intercropping and effect of nitrogen level on light distribution, soil temperature and crop productivity","Naresh, R. K., Singh, S. P., Kumar, P., Singh, B., Singh, P. K., Chauhan, P., & Rathore, R. S. (2014). Sustainability of maize (Zea mays)-wheat (Triticum aestivum) cropping system under legumes intercropping and effect of nitrogen level on light distribution, soil temperature and crop productivity. Indian Journal of Agricultural Sciences, 84(6), 695-701.","Field","Experiment (research station)","India","Asia","LMIC","Synthetic - below threshold","irrigation",-1.92308,0.9807692,"NA","NA",0.9807692,"NA",3.125,1.03125,1.03125,"NA","NA","NA","Mix-Win"
214,422,"Ngwira A.R., Thierfelder C., Lambert D.M.",2013,"Conservation agriculture systems for Malawian smallholder farmers: Long-term effects on crop productivity, profitability and soil quality","Ngwira, A. R., Thierfelder, C., & Lambert, D. M. (2012). Conservation agriculture systems for Malawian smallholder farmers: long-term effects on crop productivity, profitability and soil quality. Renewable Agriculture and Food Systems, 28(4), 350-363. doi:10.1017/s1742170512000257","Field","Experiment (on farm)","Malawi","Africa","LIC","Synthetic - below threshold","rainfed",8.25087963013509,1.08250879630135,"1.2821383745164234","NA",0.882879218086278,"Carbon",-4.8324312503417,0.951675687496583,1.1414466130884,"NA","NA","0.76190476190476186","Mix-Mix"
215,422,"Ngwira A.R., Thierfelder C., Lambert D.M.",2013,"Conservation agriculture systems for Malawian smallholder farmers: Long-term effects on crop productivity, profitability and soil quality","Ngwira, A. R., Thierfelder, C., & Lambert, D. M. (2012). Conservation agriculture systems for Malawian smallholder farmers: long-term effects on crop productivity, profitability and soil quality. Renewable Agriculture and Food Systems, 28(4), 350-363. doi:10.1017/s1742170512000257","Field","Experiment (on farm)","Malawi","Africa","LIC","Synthetic - below threshold","rainfed",30.2623606809237,1.30262360680924,"1.4672333086967233","NA",1.13801390492175,"Carbon",-15.3803647576997,0.846196352423003,0.930487942941243,"NA","NA","0.76190476190476186","Mix-Lose"
239,441,"Oyeogbe A., Otoadese J., Ehanire B.",2021,"Diversification of maize-based intercropping systems in tropical rainforest agroecosystem of Nigeria: Productivity, profitability and soil fertility","Oyeogbe, A., Otoadese, J., & Ehanire, B. (2021). Diversification of maize-based intercropping systems in tropical rainforest agroecosystem of Nigeria: Productivity, profitability and soil fertility. Future of Food: Journal on Food, Agriculture and Society, 9(1), 1-7. doi:10.17170/kobra-202011192213","Plot","Experiment (on farm)","Nigeria","Africa","LMIC","Synthetic - below threshold","rainfed",2.83018867924529,1.02830188679245,"NA","NA",1.02830188679245,"NA",58.3024063,1.583024063,1.583024063,"NA","NA","NA","Win-Win"
240,441,"Oyeogbe A., Otoadese J., Ehanire B.",2021,"Diversification of maize-based intercropping systems in tropical rainforest agroecosystem of Nigeria: Productivity, profitability and soil fertility","Oyeogbe, A., Otoadese, J., & Ehanire, B. (2021). Diversification of maize-based intercropping systems in tropical rainforest agroecosystem of Nigeria: Productivity, profitability and soil fertility. Future of Food: Journal on Food, Agriculture and Society, 9(1), 1-7. doi:10.17170/kobra-202011192214","Plot","Experiment (on farm)","Nigeria","Africa","LMIC","Synthetic - below threshold","rainfed",-0.943396226415094,0.990566037735849,"NA","NA",0.990566037735849,"NA",25.4639052,1.254639052,1.254639052,"NA","NA","NA","Mix-Win"
270,506,"Ripoche A., Autfray P., Rabary B., Randriamanantsoa R., Blanchart E., Trap J., Sauvadet M., Becquer T., Letourmy P.",2021,"Increasing plant diversity promotes ecosystem functions in rainfed rice based short rotations in Malagasy highlands","Ripoche, A., Autfray, P., Rabary, B., Randriamanantsoa, R., Blanchart, E., Trap, J., . . . Letourmy, P. (2021). Increasing plant diversity promotes ecosystem functions in rainfed rice based short rotations in Malagasy highlands. Agriculture, Ecosystems & Environment, 320. doi:10.1016/j.agee.2021.107576","Plot","Experiment (research station)","Madagascar","Africa","LIC","No synthetic","rainfed",28.533231474408,1.28533231474408,"1","NA",1.57066462948816,"Predation rates",6.28930817610063,1.06289308176101,1.06289308176101,"NA","NA","NA","Mix-Win"
271,506,"Ripoche A., Autfray P., Rabary B., Randriamanantsoa R., Blanchart E., Trap J., Sauvadet M., Becquer T., Letourmy P.",2021,"Increasing plant diversity promotes ecosystem functions in rainfed rice based short rotations in Malagasy highlands","Ripoche, A., Autfray, P., Rabary, B., Randriamanantsoa, R., Blanchart, E., Trap, J., . . . Letourmy, P. (2021). Increasing plant diversity promotes ecosystem functions in rainfed rice based short rotations in Malagasy highlands. Agriculture, Ecosystems & Environment, 320. doi:10.1016/j.agee.2021.107577","Plot","Experiment (research station)","Madagascar","Africa","LIC","No synthetic","rainfed",7.21161191749424,1.07211611917494,"1","NA",1.14423223834988,"Predation rates",-11.3207547169811,0.886792452830189,0.886792452830189,"NA","NA","NA","Mix-Lose"
272,506,"Ripoche A., Autfray P., Rabary B., Randriamanantsoa R., Blanchart E., Trap J., Sauvadet M., Becquer T., Letourmy P.",2021,"Increasing plant diversity promotes ecosystem functions in rainfed rice based short rotations in Malagasy highlands","Ripoche, A., Autfray, P., Rabary, B., Randriamanantsoa, R., Blanchart, E., Trap, J., . . . Letourmy, P. (2021). Increasing plant diversity promotes ecosystem functions in rainfed rice based short rotations in Malagasy highlands. Agriculture, Ecosystems & Environment, 320. doi:10.1016/j.agee.2021.107578","Plot","Experiment (research station)","Madagascar","Africa","LIC","No synthetic","rainfed",19.3735676088617,1.19373567608862,"1","NA",1.38747135217723,"Predation rates",14.4654088050314,1.14465408805031,1.14465408805031,"NA","NA","NA","Mix-Win"
292,539,"Sharma A.R., Behera U.K.",2009,"Recycling of legume residues for nitrogen economy and higher productivity in maize (Zea mays)-wheat (Triticum aestivum) cropping system","Sharma, A., Sharma, J. J., Rana, M. C., & Sood, S. (2006). Evaluation of Phaseolus vulgaris as intercrop with vegetables for enhancing productivity system and profitability under high hill dry temperate conditions of north-western Himalayas. Indian Journal of Agricultural Sciences, 76(1), 29-32.","Plot","Experiment (research station)","India","Asia","LMIC","Synthetic - below threshold","irrigation",-4.5131,0.954869,"NA","NA",0.954869,"Carbon",-4.2735,0.957265,0.957265,"NA","Negative","NA","Mix-Mix"
293,539,"Sharma A.R., Behera U.K.",2009,"Recycling of legume residues for nitrogen economy and higher productivity in maize (Zea mays)-wheat (Triticum aestivum) cropping system","Sharma, A., Sharma, J. J., Rana, M. C., & Sood, S. (2006). Evaluation of Phaseolus vulgaris as intercrop with vegetables for enhancing productivity system and profitability under high hill dry temperate conditions of north-western Himalayas. Indian Journal of Agricultural Sciences, 76(1), 29-32.","Plot","Experiment (research station)","India","Asia","LMIC","Synthetic - below threshold","irrigation",2.61282660332542,1.02612826603325,"NA","NA",1.02612826603325,"Carbon",3.41880341880343,1.03418803418803,1.03418803418803,"NA","Negative","NA","Win-Mix"
294,539,"Sharma A.R., Behera U.K.",2009,"Recycling of legume residues for nitrogen economy and higher productivity in maize (Zea mays)-wheat (Triticum aestivum) cropping system","Sharma, A., Sharma, J. J., Rana, M. C., & Sood, S. (2006). Evaluation of Phaseolus vulgaris as intercrop with vegetables for enhancing productivity system and profitability under high hill dry temperate conditions of north-western Himalayas. Indian Journal of Agricultural Sciences, 76(1), 29-32.","Plot","Experiment (research station)","India","Asia","LMIC","Synthetic - below threshold","irrigation",5.70071258907363,1.05700712589074,"NA","NA",1.05700712589074,"Carbon",-3.41880341880342,0.965811965811966,0.965811965811966,"NA","Negative","NA","Win-Mix"
295,539,"Sharma A.R., Behera U.K.",2009,"Recycling of legume residues for nitrogen economy and higher productivity in maize (Zea mays)-wheat (Triticum aestivum) cropping system","Sharma, A., Sharma, J. J., Rana, M. C., & Sood, S. (2006). Evaluation of Phaseolus vulgaris as intercrop with vegetables for enhancing productivity system and profitability under high hill dry temperate conditions of north-western Himalayas. Indian Journal of Agricultural Sciences, 76(1), 29-32.","Plot","Experiment (research station)","India","Asia","LMIC","Synthetic - below threshold","irrigation",7.36342042755345,1.07363420427553,"NA","NA",1.07363420427553,"Carbon",-8.54700854700854,0.914529914529915,0.914529914529915,"NA","Negative","NA","Win-Mix"
296,539,"Sharma A.R., Behera U.K.",2009,"Recycling of legume residues for nitrogen economy and higher productivity in maize (Zea mays)-wheat (Triticum aestivum) cropping system","Sharma, A., Sharma, J. J., Rana, M. C., & Sood, S. (2006). Evaluation of Phaseolus vulgaris as intercrop with vegetables for enhancing productivity system and profitability under high hill dry temperate conditions of north-western Himalayas. Indian Journal of Agricultural Sciences, 76(1), 29-32.","Plot","Experiment (research station)","India","Asia","LMIC","Synthetic - below threshold","irrigation",4.51306413301662,1.04513064133017,"NA","NA",1.04513064133017,"Carbon",-10.2564102564102,0.897435897435898,0.897435897435898,"NA","Negative","NA","Win-Mix"
299,542,"Sharma N.K., Singh R.J., Mandal D., Kumar A., Alam N.M., Keesstra S.",2017,"Increasing farmer's income and reducing soil erosion using intercropping in rainfed maize-wheat rotation of Himalaya, India","Sharma, N. K., Singh, R. J., Mandal, D., Kumar, A., Alam, N. M., & Keesstra, S. (2017). Increasing farmer’s income and reducing soil erosion using intercropping in rainfed maize-wheat rotation of Himalaya, India. Agriculture, Ecosystems & Environment, 247, 43-53. doi:10.1016/j.agee.2017.06.026","Plot","Experiment (on farm)","India","Asia","LMIC","Synthetic - below threshold","rainfed",42.8445507014374,1.42844550701437,"NA","NA",1.42844550701437,"Carbon",17.194941911361,1.17194941911361,1.17194941911361,"NA","NA","NA","Win-Win"
306,560,"Singh A., Tanwar S.P.S., Meghwal P.R., Saxena A., Kumar M.",2018,"Assessing productivity and profitability of a rejuvenated ber (Ziziphus mauritiana) based agri-horti system under arid rainfed conditions","Singh, A., Tanwar, S. P. S., Meghwal, P. R., Saxena, A., & Kumar, M. (2018). Assessing productivity and profitability of a rejuvenated ber (Ziziphus mauritiana) based agri-horti system under arid rainfed conditions. Indian Journal of Agricultural Sciences, 88(4), 573-578.","Plot","Experiment (research station)","India","Asia","LMIC","No synthetic","rainfed",3.4653,1.034653,"NA","NA",1.034653,"Carbon",48.1695063,1.481695063,1.481695063,"NA","NA","NA","Win-Win"
316,570,"Singh R.J., Ahlawat I.P.S.",2015,"Energy budgeting and carbon footprint of transgenic cotton–wheat production system through peanut intercropping and FYM addition","Singh, R. J., & Ahlawat, I. P. S. (2015). Energy budgeting and carbon footprint of transgenic cotton-wheat production system through peanut intercropping and FYM addition. Environmental Monitoring and Assessment, 187(5), 16. doi:10.1007/s10661-015-4516-4","Plot","Experiment (research station)","India","Asia","LMIC","Synthetic - below threshold","irrigation",4.44443999999999,1.0444444,"NA","NA",1.0444444,"Carbon",7.12035546666667,1.07120355466667,1.263736264,"NA","0.92194480000000001","1.0279296","Mix-Mix"
317,574,"Singh S.P., Lal S.S.",2013,"Evaluation of different cropping systems for their productivity and sustainability in Madhya Pradesh","Singh, S. P., & Lal, S. S. (2013). Evaluation of different cropping systems for their productivity and sustainability in Madhya Pradesh. Potato Journal, 40(2), 149-154.","Plot","Experiment (research station)","India","Asia","LMIC","Synthetic - below threshold","irrigation",13.3333333333334,1.13333333333333,"NA","NA",1.13333333333333,"Carbon",23.5902299,1.235902299,1.235902299,"NA","NA","NA","Win-Win"
323,583,"Snapp S.S., Blackie M.J., Gilbert R.A., Bezner-Kerr R., Kanyama-Phiri G.Y.",2010,"Biodiversity can support a greener revolution in Africa","Snapp, S. S., Blackie, M. J., Gilbert, R. A., Bezner-Kerr, R., & Kanyama-Phiri, G. Y. (2010). Biodiversity can support a greener revolution in Africa. Proc Natl Acad Sci U S A, 107(48), 20840-20845. doi:10.1073/pnas.1007199110","Plot","Experiment (on farm)","Malawi","Africa","LIC","Synthetic - below threshold","rainfed",0,1,"NA","NA",1,"Carbon",82.111437,1.82111437,1.82111437,"NA","NA","NA","Mix-Win"
324,583,"Snapp S.S., Blackie M.J., Gilbert R.A., Bezner-Kerr R., Kanyama-Phiri G.Y.",2010,"Biodiversity can support a greener revolution in Africa","Snapp, S. S., Blackie, M. J., Gilbert, R. A., Bezner-Kerr, R., & Kanyama-Phiri, G. Y. (2010). Biodiversity can support a greener revolution in Africa. Proc Natl Acad Sci U S A, 107(48), 20840-20845. doi:10.1073/pnas.1007199111","Plot","Experiment (on farm)","Malawi","Africa","LIC","Synthetic - below threshold","rainfed",5.47945000000001,1.0547945,"NA","NA",1.0547945,"Carbon",-5.5718475,0.944281525,0.944281525,"NA","NA","NA","Mix-Mix"
326,583,"Snapp S.S., Blackie M.J., Gilbert R.A., Bezner-Kerr R., Kanyama-Phiri G.Y.",2010,"Biodiversity can support a greener revolution in Africa","Snapp, S. S., Blackie, M. J., Gilbert, R. A., Bezner-Kerr, R., & Kanyama-Phiri, G. Y. (2010). Biodiversity can support a greener revolution in Africa. Proc Natl Acad Sci U S A, 107(48), 20840-20845. doi:10.1073/pnas.1007199113","Plot","Experiment (on farm)","Malawi","Africa","LIC","Synthetic - below threshold","rainfed",-7.57576,0.9242424,"NA","NA",0.9242424,"Carbon",61.8357488,1.618357488,1.618357488,"NA","NA","NA","Mix-Mix"
328,582,"Snapp S.S., Grabowski P., Chikowo R., Smith A., Anders E., Sirrine D., Chimonyo V., Bekunda M.",2018,"Maize yield and profitability tradeoffs with social, human and environmental performance: Is sustainable intensification feasible?","Snapp, S. S., Grabowski, P., Chikowo, R., Smith, A., Anders, E., Sirrine, D., . . . Bekunda, M. (2018). Maize yield and profitability tradeoffs with social, human and environmental performance: Is sustainable intensification feasible? Agricultural Systems, 162, 77-88. doi:10.1016/j.agsy.2018.01.012","Plot","Experiment (on farm)","Malawi","Africa","LIC","Synthetic - below threshold","rainfed",13.75668,1.1375668,"NA","NA",1.1375668,"Carbon",71.6341788333333,1.71634178833333,3.025184165,"1.0217391","NA","1.1021021","Win-Mix"
329,582,"Snapp S.S., Grabowski P., Chikowo R., Smith A., Anders E., Sirrine D., Chimonyo V., Bekunda M.",2018,"Maize yield and profitability tradeoffs with social, human and environmental performance: Is sustainable intensification feasible?","Snapp, S. S., Grabowski, P., Chikowo, R., Smith, A., Anders, E., Sirrine, D., . . . Bekunda, M. (2018). Maize yield and profitability tradeoffs with social, human and environmental performance: Is sustainable intensification feasible? Agricultural Systems, 162, 77-88. doi:10.1016/j.agsy.2018.01.013","Plot","Experiment (on farm)","Malawi","Africa","LIC","Synthetic - below threshold","rainfed",12.52909,1.1252909,"NA","NA",1.1252909,"Carbon",22.6536246,1.226536246,1.618830638,"1.0217391","NA","1.039039","Win-Mix"
330,582,"Snapp S.S., Grabowski P., Chikowo R., Smith A., Anders E., Sirrine D., Chimonyo V., Bekunda M.",2018,"Maize yield and profitability tradeoffs with social, human and environmental performance: Is sustainable intensification feasible?","Snapp, S. S., Grabowski, P., Chikowo, R., Smith, A., Anders, E., Sirrine, D., . . . Bekunda, M. (2018). Maize yield and profitability tradeoffs with social, human and environmental performance: Is sustainable intensification feasible? Agricultural Systems, 162, 77-88. doi:10.1016/j.agsy.2018.01.014","Plot","Experiment (on farm)","Malawi","Africa","LIC","Synthetic - below threshold","rainfed",9.77753999999999,1.0977754,"NA","NA",1.0977754,"Carbon",64.2868668666667,1.64286866866667,2.762192306,"1.0643115999999999","NA","1.1021021","Win-Win"
331,582,"Snapp S.S., Grabowski P., Chikowo R., Smith A., Anders E., Sirrine D., Chimonyo V., Bekunda M.",2018,"Maize yield and profitability tradeoffs with social, human and environmental performance: Is sustainable intensification feasible?","Snapp, S. S., Grabowski, P., Chikowo, R., Smith, A., Anders, E., Sirrine, D., . . . Bekunda, M. (2018). Maize yield and profitability tradeoffs with social, human and environmental performance: Is sustainable intensification feasible? Agricultural Systems, 162, 77-88. doi:10.1016/j.agsy.2018.01.015","Plot","Experiment (on farm)","Malawi","Africa","LIC","Synthetic - below threshold","rainfed",6.80463,1.0680463,"NA","NA",1.0680463,"Carbon",37.4290151333333,1.37429015133333,2.019519854,"1.0643115999999999","NA","1.039039","Win-Win"
332,582,"Snapp S.S., Grabowski P., Chikowo R., Smith A., Anders E., Sirrine D., Chimonyo V., Bekunda M.",2018,"Maize yield and profitability tradeoffs with social, human and environmental performance: Is sustainable intensification feasible?","Snapp, S. S., Grabowski, P., Chikowo, R., Smith, A., Anders, E., Sirrine, D., . . . Bekunda, M. (2018). Maize yield and profitability tradeoffs with social, human and environmental performance: Is sustainable intensification feasible? Agricultural Systems, 162, 77-88. doi:10.1016/j.agsy.2018.01.016","Plot","Experiment (on farm)","Malawi","Africa","LIC","Synthetic - below threshold","rainfed",9.00814999999999,1.0900815,"NA","NA",1.0900815,"Carbon",179.584387233333,2.79584387233333,6.075752117,"1.2096773999999999","NA","1.1021021","Win-Win"
333,582,"Snapp S.S., Grabowski P., Chikowo R., Smith A., Anders E., Sirrine D., Chimonyo V., Bekunda M.",2018,"Maize yield and profitability tradeoffs with social, human and environmental performance: Is sustainable intensification feasible?","Snapp, S. S., Grabowski, P., Chikowo, R., Smith, A., Anders, E., Sirrine, D., . . . Bekunda, M. (2018). Maize yield and profitability tradeoffs with social, human and environmental performance: Is sustainable intensification feasible? Agricultural Systems, 162, 77-88. doi:10.1016/j.agsy.2018.01.017","Plot","Experiment (on farm)","Malawi","Africa","LIC","Synthetic - below threshold","rainfed",8.68973,1.0868973,"NA","NA",1.0868973,"Carbon",166.110758766667,2.66110758766667,5.734606363,"1.2096773999999999","NA","1.039039","Win-Win"
338,726,"Sun T, Feng XM, Lal R, et al",2021,"Crop diversification practice faces a tradeoff between increasing productivity and reducing carbon footprints","Sun, T., Feng, X. M., Lal, R., Cao, T. H., Guo, J. R., Deng, A. X., . . . Zhang, W. J. (2021). Crop diversification practice faces a tradeoff between increasing productivity and reducing carbon footprints. Agriculture Ecosystems & Environment, 321, 10. doi:10.1016/j.agee.2021.107614","Plot","Experiment (research station)","China","Asia","UMIC","Synthetic - below threshold","rainfed",2.51402852732527,1.02514028527325,"NA","NA",1.02514028527325,"Carbon",7.26062748306884,1.07260627483069,1.04817058652015,"1.0970419631412249","NA","NA","Mix-Win"
339,726,"Sun T, Feng XM, Lal R, et al",2021,"Crop diversification practice faces a tradeoff between increasing productivity and reducing carbon footprints","Sun, T., Feng, X. M., Lal, R., Cao, T. H., Guo, J. R., Deng, A. X., . . . Zhang, W. J. (2021). Crop diversification practice faces a tradeoff between increasing productivity and reducing carbon footprints. Agriculture Ecosystems & Environment, 321, 10. doi:10.1016/j.agee.2021.107615","Plot","Experiment (research station)","China","Asia","UMIC","Synthetic - below threshold","rainfed",1.37209260723066,1.01372092607231,"NA","NA",1.01372092607231,"Carbon",10.3791362166154,1.10379136216615,1.07436708845055,"1.1332156358817556","NA","NA","Mix-Win"
341,609,"Telkar S.G., Singh A.K.",2018,"Productivity, profitability and soil biochemical properties in maize (Zea mays) and soybean (Glycine max) intercropping as influenced by population proportion of component crops","Telkar, S. G., & Singh, A. K. (2018). Productivity, profitability and soil biochemical properties in maize (Zea mays) and soybean (Glycine max) intercropping as influenced by population proportion of component crops. Indian Journal of Agricultural Sciences, 88(3), 458-462.","Plot","Experiment (research station)","India","Asia","LMIC","Synthetic - below threshold","rainfed",-13.1054,0.868946,"NA","NA",0.868946,"Carbon",19.381839,1.19381839,1.19381839,"NA","Negative","Negative","Mix-Mix"
353,626,"Tripathi S.C., Singh R.P.",2008,"Effect of crop diversification on productivity and profitability of rice (Oryza sativa) - Wheat (triticum aestivum) cropping system","Tripathi, S. C., & Singh, R. P. (2008). Effect of crop diversification on productivity and profitability of rice (Oryza sativa) - Wheat (triticum aestivum) cropping system. Indian Journal of Agronomy, 53(1), 27-31.","Plot","Experiment (research station)","India","Asia","LMIC","Synthetic - below threshold","irrigation",13.125,1.13125,"NA","NA",1.13125,"Carbon",34.4262295081967,1.34426229508197,1.34426229508197,"NA","NA","NA","Win-Win"
354,626,"Tripathi S.C., Singh R.P.",2008,"Effect of crop diversification on productivity and profitability of rice (Oryza sativa) - Wheat (triticum aestivum) cropping system","Tripathi, S. C., & Singh, R. P. (2008). Effect of crop diversification on productivity and profitability of rice (Oryza sativa) - Wheat (triticum aestivum) cropping system. Indian Journal of Agronomy, 53(1), 27-31.","Plot","Experiment (research station)","India","Asia","LMIC","Synthetic - below threshold","irrigation",35.9375,1.359375,"NA","NA",1.359375,"Carbon",38.9344262295082,1.38934426229508,1.38934426229508,"NA","NA","NA","Win-Win"
364,673,"Yadav M.R., Parihar C.M., Jat S.L., Singh A.K., Kumar R., Yadav R.K., Kuri B.R., Parihar M.D., Yadav B., Verma A.P., Jat M.L.",2017,"Long term effect of legume intensified crop rotations and tillage practices on productivity and profitability of maize vis-a-vis soil fertility in North-Western Indo-Gangetic Plains of India","Yadav, M. R., Parihar, C. M., Jat, S. L., Singh, A. K., Kumar, R., Yadav, R. K., . . . Jat, M. L. (2017). Long term effect of legume intensified crop rotations and tillage practices on productivity and profitability of maize vis-a-vis soil fertility in North-Western Indo-Gangetic Plains of India. Legume Research, 40(2), 282-290. doi:10.18805/1r.v0i0.7583","Plot","Experiment (research station)","India","Asia","LMIC","Synthetic - below threshold","irrigation",6.49029982363316,1.06490299823633,"NA","NA",1.06490299823633,"Carbon",20.8431857265692,1.20843185726569,1.20843185726569,"NA","Negative","NA","Win-Mix"
368,682,"Yang X., Chen Y., Pacenka S., Gao W., Ma L., Wang G., Yan P., Sui P., Steenhuis T.S.",2015,"Effect of diversified crop rotations on groundwater levels and crop water productivity in the North China Plain","Yang, X., Chen, Y., Pacenka, S., Gao, W., Ma, L., Wang, G., . . . Steenhuis, T. S. (2015). Effect of diversified crop rotations on groundwater levels and crop water productivity in the North China Plain. Journal of Hydrology, 522, 428-438. doi:10.1016/j.jhydrol.2015.01.010","Plot","Experiment (on farm)","China","Asia","UMIC","Synthetic - below threshold","irrigation",5.97014925373134,1.05970149253731,"NA","NA",1.05970149253731,"Carbon",15.7277332961149,1.15727733296115,1.15727733296115,"NA","Positive","NA","Win-Win"
374,709,"Zhang X, Chen T, Qi YK, et al",2022,"Optimization of Rice-Based Double-Cropping System with Conservation Practice Mitigates Carbon Emission While Ensuring Profitability","Zhang, X., Chen, T., Qi, Y. K., Yang, R. P., Deng, A. X., Wang, T. S., . . . Zhang, W. J. (2022). Optimization of Rice-Based Double-Cropping System with Conservation Practice Mitigates Carbon Emission While Ensuring Profitability. Agronomy-Basel, 12(4), 13. doi:10.3390/agronomy12040924","Plot","Experiment (research station)","China","Asia","UMIC","Synthetic - below threshold","rainfed",-8.33333333333333,0.916666666666667,"NA","NA",0.916666666666667,"Carbon",351.338582677165,4.51338582677165,4.51338582677165,"NA","NA","NA","Mix-Win"
375,708,"Zhao Y, Wang L, Lei X, et al",2021,"Reducing carbon footprint without compromising grain security through relaxing cropping rotation system in the North China Plain","Zhao, Y. X., Wang, L., Lei, X. Y., Wang, B., Cui, J. X., Xu, Y. N., . . . Sui, P. (2021). Reducing carbon footprint without compromising grain security through relaxing cropping rotation system in the North China Plain. Journal of Cleaner Production, 318, 11. doi:10.1016/j.jclepro.2021.128465","Plot","Experiment (research station)","China","Asia","UMIC","Synthetic - above threshold","rainfed",14.2102880177601,1.1421028801776,"NA","NA",1.1421028801776,"Energy flows",63.5838150289017,1.63583815028902,1.63583815028902,"NA","NA","NA","Mix-Win"
376,708,"Zhao Y, Wang L, Lei X, et al",2021,"Reducing carbon footprint without compromising grain security through relaxing cropping rotation system in the North China Plain","Zhao, Y. X., Wang, L., Lei, X. Y., Wang, B., Cui, J. X., Xu, Y. N., . . . Sui, P. (2021). Reducing carbon footprint without compromising grain security through relaxing cropping rotation system in the North China Plain. Journal of Cleaner Production, 318, 11. doi:10.1016/j.jclepro.2021.128466","Plot","Experiment (research station)","China","Asia","UMIC","Synthetic - above threshold","rainfed",24.6669996669997,1.24666999667,"NA","NA",1.24666999667,"Energy flows",177.966101694915,2.77966101694915,2.77966101694915,"NA","NA","NA","Mix-Win"
