"uniqueID","StudyID_IDALL","Authors","Year","Title","Citation","Unit of analysis","Data type","data.collection","Setting Type","Time period","Time scale (years)","Total treatments (including controls)","Number of intercrop or rotation treatments including grain legumes (not sole legumes)","Number of nonintercrop or non rotation treatments not including grain legumes (including sole-cropping controls)","Total number of replicates per treatment","Number of study regions/sites","time.simpl","replicates.simp","Are the authors studying/identifying legume introduction intensification as the main source of ES change?","Are the authors studying/identifying legume introduction as the main source of wellbeing change?","What other drivers are identified as key to ES or well-being change?","Case_countries","Regional_groupings","Regional_groupings_ID","Subnational 
 case area (specify province/region)","Continent","WorldBank National Income Group","Latitude_Decimal_Degrees_N","Longitude (Decimal Degrees) E","Is intensification defined?","Authors' intensification definition","Study design","Intensification actors","Actors.categories","Type of land use intensification described","Simplified cropping system","Intensification type: Crop Change/Addition","Intensification type: Increased Rows/Strip width","Intensification type: Increased rotations","Spatial arrangement of intercropping","Other agro-ecological innovations","Recoded other agro-ecological innovations - Primary","Recoded other agro-ecological innovations - Secondary","Food system classification","Non-legume main crop","Legume_category","Grain legume product: Chickpea","Grain legume product: Cowpea","Grain legume product: Groundnut","Grain legume product: Lentil","Grain legume product: Mung bean","Grain legume product: Pigeonpea","Grain legume product: Faba Bean","Grain legume product: Common Bean","Grain legume product: Soybean","Grain legume product: Pea","Grain legume product: Grain legumes (unspecified/other)","Other products not target of intensification","Mineral Fertiliser
 N–P2O5–K2O kgha−1","Synthetic fertiliser category","Water source","Yield","Freshwater","Fuelwood","Fiber","Biochemicals","Genetic_resources","Climate_regulation","Disease_regulation","Pest_regulation","Water_regulation","Water_purification","Soil_formation","Nutrient_cycling","Primary_production","Biodiversity_composition","Biodiversity_structure","Profit","Financial_security","Physical_capital","Savings_labour_cost","Natural_capital","Health","Education","Social_cultural_relations","Food_security","Employment","Justice","Property_rights","Combined ecological-social outcome","Is the intensification (according to authors) causing changes in demand/ preferences for certain ES?","If intensification is leading to changed demands, specify whose demand and which ES","IF Yes to changed demands: Are the changes disaggregated by different groups?","If disaggregated by different groups, specify categorization (e.g. rich/poor, men/women, land-owners/labourers, other)","If disaggregated by groups, specify for which ES/ wellbeing aspects the results are disaggregated","If disaggregated by groups, specify the reported difference","Trade-offs mentioned between 1) different ES, 2) different wellbeing aspects, or 3) ES and wellbeing","General factors enabling adoption","General factors constraining adoption","Factors identified as enabling ecosystem services","Factors identified as constraining ecosystem services","Factors identified as enabling well being","Factors identified as constraining well being","Notes","Documentation of methods of data extraction","Secondary reference","Study spatial design (do they have enough replicates?)","Study temporal design (do they collect data over multiple points in time?)","Confounding variables (Were baseline characteristics of the intervention comparable with the control or were potential confounders at baseline approximately adjusted for in analysis?)","Reporting","Risk of bias","Tools for assessment (Were valid and reliable tools used to assess  outcomes?)","Sum.Quality"
113,251,"Islami T., Guritno B., Utomo W.H.",2011,"Performance of cassava (Manihot esculenta Crantz) based cropping systems and associated soil quality changes in the degraded tropical uplands of East Java, Indonesia","Islami, T., Guritno, B., & Utomo, W. H. (2011). Performance of cassava (Manihot esculenta Crantz) based cropping systems and associated soil quality changes in the degraded tropical uplands of East Java, Indonesia. Journal of Tropical Agriculture, 49, 31-39.","Plot","Quantitative","Experiment (on farm)","RC","2006-2009","4","14","6","8","4","1","2-4","3-4","Yes","Yes","Land degradation","Indonesia","South-east Asia",4,"Wringinrejo, South Blitar, East Java, Indonesia","Asia","LMIC","-8.0833329999999997","112.033333","No",NA,"Experiment (on farm)","Farmer-led + support by researchers","Farmer-led + researcher/extension","Intercropping: Cereal-legume","Intercrop",1,0,0,"Row","Fertiliser; manure vs no manure","Fertilizer rates/type",NA,"Non-Grain /  Groundnut","Cassava","Groundnut",0,0,1,0,0,0,0,0,0,0,"0",NA,"14-6-9","Synthetic - below threshold","irrigation","0.91414141414141403","NA","NA","NA","NA","NA","NA","NA","NA",1.0581255,"NA","1.0514950000000001","1.6041666999999999","NA","NA","NA","3.0375000000000001","NA","NA","NA","1.6","NA","NA","NA","NA",1,"NA","NA","Mix-Mix","NA","NA","NA","NA","NA","NA","NA","NA","NA","Organic fertiliser (manure): increased soil fertility and crop productivity","NA","NA","High costs of seeds: ""The high cost for growing leguminous intercrops may be due to the high price of seeds and the additional costs involved in pest control""","NA","See SuppCalc sheet- Tables 1, 2, 3",NA,2,2,2,2,2,2,12
114,251,"Islami T., Guritno B., Utomo W.H.",2011,"Performance of cassava (Manihot esculenta Crantz) based cropping systems and associated soil quality changes in the degraded tropical uplands of East Java, Indonesia","Islami, T., Guritno, B., & Utomo, W. H. (2011). Performance of cassava (Manihot esculenta Crantz) based cropping systems and associated soil quality changes in the degraded tropical uplands of East Java, Indonesia. Journal of Tropical Agriculture, 49, 31-39.","Plot","Quantitative","Experiment (on farm)","RC","2006-2009","4","14","6","8","4","1","2-4","3-4","Yes","Yes","Land degradation","Indonesia","South-east Asia",4,"Wringinrejo, South Blitar, East Java, Indonesia","Asia","LMIC","-8.0833329999999997","112.033333","No",NA,"Experiment (on farm)","Farmer-led + support by researchers","Farmer-led + researcher/extension","Intercropping: Cereal-legume","Intercrop",1,0,0,"Row","Fertiliser; manure vs no manure","Fertilizer rates/type",NA,"Non-Grain / Soybean","Cassava","Soybean",0,0,0,0,0,0,0,0,1,0,"0",NA,"14-6-9","Synthetic - below threshold","irrigation","0.84343434343434331","NA","NA","NA","NA","NA","NA","NA","NA",0.9614512,"NA","1.0830565000000001","1.0625","NA","NA","NA","1.2749999999999999","NA","NA","NA","1.45","NA","NA","NA","NA",1,"NA","NA","Mix-Mix","NA","NA","NA","NA","NA","NA","NA","NA","NA","Organic fertiliser (manure): increased soil fertility and crop productivity","NA","NA","High costs of seeds: ""The high cost for growing leguminous intercrops may be due to the high price of seeds and the additional costs involved in pest control""","NA","See SuppCalc sheet- Tables 1, 2, 3",NA,2,2,2,2,2,2,12
115,251,"Islami T., Guritno B., Utomo W.H.",2011,"Performance of cassava (Manihot esculenta Crantz) based cropping systems and associated soil quality changes in the degraded tropical uplands of East Java, Indonesia","Islami, T., Guritno, B., & Utomo, W. H. (2011). Performance of cassava (Manihot esculenta Crantz) based cropping systems and associated soil quality changes in the degraded tropical uplands of East Java, Indonesia. Journal of Tropical Agriculture, 49, 31-39.","Plot","Quantitative","Experiment (on farm)","RC","2006-2009","4","14","6","8","4","1","2-4","3-4","Yes","Yes","Land degradation","Indonesia","South-east Asia",4,"Wringinrejo, South Blitar, East Java, Indonesia","Asia","LMIC","-8.0833329999999997","112.033333","No",NA,"Experiment (on farm)","Farmer-led + support by researchers","Farmer-led + researcher/extension","Intercropping: Cereal-legume","Intercrop",1,0,0,"Row","Fertiliser; manure vs no manure","Fertilizer rates/type",NA,"Non-Grain / Mungbean","Cassava","Mungbean",0,0,0,0,1,0,0,0,0,0,"0",NA,"14-6-9","Synthetic - below threshold","irrigation","0.84848484848484851","NA","NA","NA","NA","NA","NA","NA","NA",0.9665911,"NA","1.0472868","1.2083333000000001","NA","NA","NA","0.67500000000000004","NA","NA","NA","1.59","NA","NA","NA","NA",1,"NA","NA","Mix-Mix","NA","NA","NA","NA","NA","NA","NA","NA","NA","Organic fertiliser (manure): increased soil fertility and crop productivity","NA","NA","High costs of seeds: ""The high cost for growing leguminous intercrops may be due to the high price of seeds and the additional costs involved in pest control""","NA","See SuppCalc sheet- Tables 1, 2, 3",NA,2,2,2,2,2,2,12
116,251,"Islami T., Guritno B., Utomo W.H.",2011,"Performance of cassava (Manihot esculenta Crantz) based cropping systems and associated soil quality changes in the degraded tropical uplands of East Java, Indonesia","Islami, T., Guritno, B., & Utomo, W. H. (2011). Performance of cassava (Manihot esculenta Crantz) based cropping systems and associated soil quality changes in the degraded tropical uplands of East Java, Indonesia. Journal of Tropical Agriculture, 49, 31-39.","Plot","Quantitative","Experiment (on farm)","RC","2006-2009","4","14","6","8","4","1","2-4","3-4","Yes","Yes","Land degradation","Indonesia","South-east Asia",4,"Wringinrejo, South Blitar, East Java, Indonesia","Asia","LMIC","-8.0833329999999997","112.033333","No",NA,"Experiment (on farm)","Farmer-led + support by researchers","Farmer-led + researcher/extension","Intercropping: Cereal-legume","Intercrop",1,0,0,"Row","Fertiliser; manure vs no manure","Fertilizer rates/type",NA,"Non-Grain /  Cowpea","Cassava","Cowpea",0,1,0,0,0,0,0,0,0,0,"0",NA,"14-6-9","Synthetic - below threshold","irrigation","0.84343434343434331","NA","NA","NA","NA","NA","NA","NA","NA",1.1030234,"NA","1","1.5208333000000001","NA","NA","NA","0.41249999999999998","NA","NA","NA","1.5","NA","NA","NA","NA",1,"NA","NA","Mix-Mix","NA","NA","NA","NA","NA","NA","NA","NA","NA","Organic fertiliser (manure): increased soil fertility and crop productivity","NA","NA","High costs of seeds: ""The high cost for growing leguminous intercrops may be due to the high price of seeds and the additional costs involved in pest control""","NA","See SuppCalc sheet- Tables 1, 2, 3",NA,2,2,2,2,2,2,12
117,251,"Islami T., Guritno B., Utomo W.H.",2011,"Performance of cassava (Manihot esculenta Crantz) based cropping systems and associated soil quality changes in the degraded tropical uplands of East Java, Indonesia","Islami, T., Guritno, B., & Utomo, W. H. (2011). Performance of cassava (Manihot esculenta Crantz) based cropping systems and associated soil quality changes in the degraded tropical uplands of East Java, Indonesia. Journal of Tropical Agriculture, 49, 31-39.","Plot","Quantitative","Experiment (on farm)","RC","2006-2009","4","14","6","8","4","1","2-4","3-4","Yes","Yes","Land degradation","Indonesia","South-east Asia",4,"Wringinrejo, South Blitar, East Java, Indonesia","Asia","LMIC","-8.0833329999999997","112.033333","No",NA,"Experiment (on farm)","Farmer-led + support by researchers","Farmer-led + researcher/extension","Intercropping: Cereal-legume","Intercrop",1,0,0,"Row","Fertiliser; manure vs no manure","Fertilizer rates/type",NA,"Grain / Groundnut","Rice","Groundnut",0,0,1,0,0,0,0,0,0,0,"0",NA,"14-6-9","Synthetic - below threshold","irrigation","1.1333333333333333","NA","NA","NA","NA","NA","NA","NA","NA",1.0581255,"NA","NA","NA","NA","NA","NA","NA","NA","NA","NA","1.38","NA","NA","NA","NA",1,"NA","NA","Win-Mix","NA","NA","NA","NA","NA","NA","NA","NA","NA","Organic fertiliser (manure): increased soil fertility and crop productivity","NA","NA","High costs of seeds: ""The high cost for growing leguminous intercrops may be due to the high price of seeds and the additional costs involved in pest control""","NA","See SuppCalc sheet- Tables 1, 2",NA,2,2,2,2,2,2,12
118,251,"Islami T., Guritno B., Utomo W.H.",2011,"Performance of cassava (Manihot esculenta Crantz) based cropping systems and associated soil quality changes in the degraded tropical uplands of East Java, Indonesia","Islami, T., Guritno, B., & Utomo, W. H. (2011). Performance of cassava (Manihot esculenta Crantz) based cropping systems and associated soil quality changes in the degraded tropical uplands of East Java, Indonesia. Journal of Tropical Agriculture, 49, 31-39.","Plot","Quantitative","Experiment (on farm)","RC","2006-2009","4","14","6","8","4","1","2-4","3-4","Yes","Yes","Land degradation","Indonesia","South-east Asia",4,"Wringinrejo, South Blitar, East Java, Indonesia","Asia","LMIC","-8.0833329999999997","112.033333","No",NA,"Experiment (on farm)","Farmer-led + support by researchers","Farmer-led + researcher/extension","Intercropping: Cereal-legume","Intercrop",1,0,0,"Row","Fertiliser; manure vs no manure","Fertilizer rates/type",NA,"Grain / Soybean","Rice","Soybean",0,0,0,0,0,0,0,0,1,0,"0",NA,"14-6-9","Synthetic - below threshold","irrigation","1.0916666666666668","NA","NA","NA","NA","NA","NA","NA","NA",0.9614512,"NA","NA","NA","NA","NA","NA","NA","NA","NA","NA","1.44","NA","NA","NA","NA",1,"NA","NA","Mix-Mix","NA","NA","NA","NA","NA","NA","NA","NA","NA","Organic fertiliser (manure): increased soil fertility and crop productivity","NA","NA","High costs of seeds: ""The high cost for growing leguminous intercrops may be due to the high price of seeds and the additional costs involved in pest control""","NA","See SuppCalc sheet- Tables 1, 2",NA,2,2,2,2,2,2,12
119,251,"Islami T., Guritno B., Utomo W.H.",2011,"Performance of cassava (Manihot esculenta Crantz) based cropping systems and associated soil quality changes in the degraded tropical uplands of East Java, Indonesia","Islami, T., Guritno, B., & Utomo, W. H. (2011). Performance of cassava (Manihot esculenta Crantz) based cropping systems and associated soil quality changes in the degraded tropical uplands of East Java, Indonesia. Journal of Tropical Agriculture, 49, 31-39.","Plot","Quantitative","Experiment (on farm)","RC","2006-2009","4","14","6","8","4","1","2-4","3-4","Yes","Yes","Land degradation","Indonesia","South-east Asia",4,"Wringinrejo, South Blitar, East Java, Indonesia","Asia","LMIC","-8.0833329999999997","112.033333","No",NA,"Experiment (on farm)","Farmer-led + support by researchers","Farmer-led + researcher/extension","Intercropping: Cereal-legume","Intercrop",1,0,0,"Row","Fertiliser; manure vs no manure","Fertilizer rates/type",NA,"Grain / Mungbean","Rice","Mungbean",0,0,0,0,1,0,0,0,0,0,"0",NA,"14-6-9","Synthetic - below threshold","irrigation","0.95833333333333326","NA","NA","NA","NA","NA","NA","NA","NA",0.9665911,"NA","NA","NA","NA","NA","NA","NA","NA","NA","NA","1.39","NA","NA","NA","NA",1,"NA","NA","Lose-Mix","NA","NA","NA","NA","NA","NA","NA","NA","NA","Organic fertiliser (manure): increased soil fertility and crop productivity","NA","NA","High costs of seeds: ""The high cost for growing leguminous intercrops may be due to the high price of seeds and the additional costs involved in pest control""","NA","See SuppCalc sheet- Tables 1, 2",NA,2,2,2,2,2,2,12
120,251,"Islami T., Guritno B., Utomo W.H.",2011,"Performance of cassava (Manihot esculenta Crantz) based cropping systems and associated soil quality changes in the degraded tropical uplands of East Java, Indonesia","Islami, T., Guritno, B., & Utomo, W. H. (2011). Performance of cassava (Manihot esculenta Crantz) based cropping systems and associated soil quality changes in the degraded tropical uplands of East Java, Indonesia. Journal of Tropical Agriculture, 49, 31-39.","Plot","Quantitative","Experiment (on farm)","RC","2006-2009","4","14","6","8","4","1","2-4","3-4","Yes","Yes","Land degradation","Indonesia","South-east Asia",4,"Wringinrejo, South Blitar, East Java, Indonesia","Asia","LMIC","-8.0833329999999997","112.033333","No",NA,"Experiment (on farm)","Farmer-led + support by researchers","Farmer-led + researcher/extension","Intercropping: Cereal-legume","Intercrop",1,0,0,"Row","Fertiliser; manure vs no manure","Fertilizer rates/type",NA,"Grain / Cowpea","Rice","Cowpea",0,1,0,0,0,0,0,0,0,0,"0",NA,"14-6-9","Synthetic - below threshold","irrigation","1.0166666666666666","NA","NA","NA","NA","NA","NA","NA","NA",1.1030234,"NA","NA","NA","NA","NA","NA","NA","NA","NA","NA","1.4","NA","NA","NA","NA",1,"NA","NA","Win-Mix","NA","NA","NA","NA","NA","NA","NA","NA","NA","Organic fertiliser (manure): increased soil fertility and crop productivity","NA","NA","High costs of seeds: ""The high cost for growing leguminous intercrops may be due to the high price of seeds and the additional costs involved in pest control""","NA","See SuppCalc sheet- Tables 1, 2",NA,2,2,2,2,2,2,12
121,251,"Islami T., Guritno B., Utomo W.H.",2011,"Performance of cassava (Manihot esculenta Crantz) based cropping systems and associated soil quality changes in the degraded tropical uplands of East Java, Indonesia","Islami, T., Guritno, B., & Utomo, W. H. (2011). Performance of cassava (Manihot esculenta Crantz) based cropping systems and associated soil quality changes in the degraded tropical uplands of East Java, Indonesia. Journal of Tropical Agriculture, 49, 31-39.","Plot","Quantitative","Experiment (on farm)","RC","2006-2009","4","14","6","8","4","1","2-4","3-4","Yes","Yes","Land degradation","Indonesia","South-east Asia",4,"Wringinrejo, South Blitar, East Java, Indonesia","Asia","LMIC","-8.0833329999999997","112.033333","No",NA,"Experiment (on farm)","Farmer-led + support by researchers","Farmer-led + researcher/extension","Intercropping: Cereal-legume","Intercrop",1,0,0,"Row","Fertiliser; manure vs no manure","Fertilizer rates/type",NA,"Grain / Groundnut","Maize","Groundnut",0,0,1,0,0,0,0,0,0,0,"0",NA,"14-6-9","Synthetic - below threshold","irrigation","1.22","NA","NA","NA","NA","NA","NA","NA","NA",1.0581255,"NA","NA","NA","NA","NA","NA","NA","NA","NA","NA","1.6","NA","NA","NA","NA",1,"NA","NA","Win-Mix","NA","NA","NA","NA","NA","NA","NA","NA","NA","Organic fertiliser (manure): increased soil fertility and crop productivity","NA","NA","High costs of seeds: ""The high cost for growing leguminous intercrops may be due to the high price of seeds and the additional costs involved in pest control""","NA","See SuppCalc sheet- Tables 1, 2",NA,2,2,2,2,2,2,12
122,251,"Islami T., Guritno B., Utomo W.H.",2011,"Performance of cassava (Manihot esculenta Crantz) based cropping systems and associated soil quality changes in the degraded tropical uplands of East Java, Indonesia","Islami, T., Guritno, B., & Utomo, W. H. (2011). Performance of cassava (Manihot esculenta Crantz) based cropping systems and associated soil quality changes in the degraded tropical uplands of East Java, Indonesia. Journal of Tropical Agriculture, 49, 31-39.","Plot","Quantitative","Experiment (on farm)","RC","2006-2009","4","14","6","8","4","1","2-4","3-4","Yes","Yes","Land degradation","Indonesia","South-east Asia",4,"Wringinrejo, South Blitar, East Java, Indonesia","Asia","LMIC","-8.0833329999999997","112.033333","No",NA,"Experiment (on farm)","Farmer-led + support by researchers","Farmer-led + researcher/extension","Intercropping: Cereal-legume","Intercrop",1,0,0,"Row","Fertiliser; manure vs no manure","Fertilizer rates/type",NA,"Grain / Soybean","Maize","Soybean",0,0,0,0,0,0,0,0,1,0,"0",NA,"14-6-9","Synthetic - below threshold","irrigation","1.0533333333333335","NA","NA","NA","NA","NA","NA","NA","NA",0.9614512,"NA","NA","NA","NA","NA","NA","NA","NA","NA","NA","1.44","NA","NA","NA","NA",1,"NA","NA","Mix-Mix","NA","NA","NA","NA","NA","NA","NA","NA","NA","Organic fertiliser (manure): increased soil fertility and crop productivity","NA","NA","High costs of seeds: ""The high cost for growing leguminous intercrops may be due to the high price of seeds and the additional costs involved in pest control""","NA","See SuppCalc sheet- Tables 1, 2",NA,2,2,2,2,2,2,12
123,251,"Islami T., Guritno B., Utomo W.H.",2011,"Performance of cassava (Manihot esculenta Crantz) based cropping systems and associated soil quality changes in the degraded tropical uplands of East Java, Indonesia","Islami, T., Guritno, B., & Utomo, W. H. (2011). Performance of cassava (Manihot esculenta Crantz) based cropping systems and associated soil quality changes in the degraded tropical uplands of East Java, Indonesia. Journal of Tropical Agriculture, 49, 31-39.","Plot","Quantitative","Experiment (on farm)","RC","2006-2009","4","14","6","8","4","1","2-4","3-4","Yes","Yes","Land degradation","Indonesia","South-east Asia",4,"Wringinrejo, South Blitar, East Java, Indonesia","Asia","LMIC","-8.0833329999999997","112.033333","No",NA,"Experiment (on farm)","Farmer-led + support by researchers","Farmer-led + researcher/extension","Intercropping: Cereal-legume","Intercrop",1,0,0,"Row","Fertiliser; manure vs no manure","Fertilizer rates/type",NA,"Grain / Mungbean","Maize","Mungbean",0,0,0,0,1,0,0,0,0,0,"0",NA,"14-6-9","Synthetic - below threshold","irrigation","1","NA","NA","NA","NA","NA","NA","NA","NA",0.9665911,"NA","NA","NA","NA","NA","NA","NA","NA","NA","NA","1.5","NA","NA","NA","NA",1,"NA","NA","Mix-Mix","NA","NA","NA","NA","NA","NA","NA","NA","NA","Organic fertiliser (manure): increased soil fertility and crop productivity","NA","NA","High costs of seeds: ""The high cost for growing leguminous intercrops may be due to the high price of seeds and the additional costs involved in pest control""","NA","See SuppCalc sheet- Tables 1, 2",NA,2,2,2,2,2,2,12
124,251,"Islami T., Guritno B., Utomo W.H.",2011,"Performance of cassava (Manihot esculenta Crantz) based cropping systems and associated soil quality changes in the degraded tropical uplands of East Java, Indonesia","Islami, T., Guritno, B., & Utomo, W. H. (2011). Performance of cassava (Manihot esculenta Crantz) based cropping systems and associated soil quality changes in the degraded tropical uplands of East Java, Indonesia. Journal of Tropical Agriculture, 49, 31-39.","Plot","Quantitative","Experiment (on farm)","RC","2006-2009","4","14","6","8","4","1","2-4","3-4","Yes","Yes","Land degradation","Indonesia","South-east Asia",4,"Wringinrejo, South Blitar, East Java, Indonesia","Asia","LMIC","-8.0833329999999997","112.033333","No",NA,"Experiment (on farm)","Farmer-led + support by researchers","Farmer-led + researcher/extension","Intercropping: Cereal-legume","Intercrop",1,0,0,"Row","Fertiliser; manure vs no manure","Fertilizer rates/type",NA,"Grain / Cowpea","Maize","Cowpea",0,1,0,0,0,0,0,0,0,0,"0",NA,"14-6-9","Synthetic - below threshold","irrigation","1.0666666666666667","NA","NA","NA","NA","NA","NA","NA","NA",1.1030234,"NA","NA","NA","NA","NA","NA","NA","NA","NA","NA","1.56","NA","NA","NA","NA",1,"NA","NA","Win-Mix","NA","NA","NA","NA","NA","NA","NA","NA","NA","Organic fertiliser (manure): increased soil fertility and crop productivity","NA","NA","High costs of seeds: ""The high cost for growing leguminous intercrops may be due to the high price of seeds and the additional costs involved in pest control""","NA","See SuppCalc sheet- Tables 1, 2",NA,2,2,2,2,2,2,12
32,56,"Banjara T.R., Bohra J.S., Kumar S., Singh T., Shori A., Prajapat K.",2021,"Sustainable alternative crop rotations to the irrigated rice-wheat cropping system of Indo-Gangetic plains of India","Banjara, T. R., Bohra, J. S., Kumar, S., Singh, T., Shori, A., & Prajapat, K. (2021). Sustainable alternative crop rotations to the irrigated rice-wheat cropping system of Indo-Gangetic plains of India. Archives of Agronomy and Soil Science. doi:10.1080/03650340.2021.1912324","Plot","Quantitative (household surveys)","Experiment (research station)","RC","2016-2018","2","10","2","8","1","1","2-4","1-2","Yes","Yes","Environmental degradation","India","South Asia",2,"Agricultural Research Farm, Institute of Agricultural Sciences, Banaras Hindu University, Varanasi","Asia","LMIC","25.264154999999999","82.993522999999996","No",NA,"Experiment (research station)","Researcher-led","Researcher-led","Rotation","Rotation",1,0,0,"Rotation","Existing farmers' practices","Existing farmers' practices",NA,"Grain / Mungbean","Rice","Mungbean",0,0,0,0,1,0,0,0,0,0,"0","Wheat, Potato, Cowpea (fodder), mustard, potato","48-21-38","Synthetic - below threshold","irrigation","1.8949825","NA","NA","NA","NA","NA","NA","NA","NA",1.0123273,"NA","1","1.0825838000000001","NA","NA","NA","1.802556818","NA","NA","NA","NA","NA","NA","NA","NA",1.4726776,"NA","NA","Mix-Win","NA","NA","NA","NA","NA","NA","Yes (high cultivation cost due to more laborers vs high gross/net returns)","Variable weather","NA","irrigation; soil quality (improvement in soil available N due to the inclusion of legume crops in sequences)","rainfall fluctuation","NA","NA",NA,"NA",NA,0,2,2,2,2,2,10
60,106,"Choudhary V.K., Kumar P.S.",2013,"Crop and water productivity, profitability and energy consumption pattern of a maize-based crop sequence in the North Eastern Himalayan Region, India","Choudhary, V. K., & Kumar, P. S. (2013). Crop and water productivity, profitability and energy consumption pattern of a maize-based crop sequence in the North Eastern Himalayan Region, India. Archives of Agronomy and Soil Science, 59(5), 653-669. doi:10.1080/03650340.2012.665992","Plot","Quantitative","Experiment (research station)","E/M","2008-2011","3","5","3","2","3","1","2-4","3-4","Yes","Yes","Extreme weather (drought), water scarcity","India","South Asia",2,"Research Farm of ICAR Research Complex for NEH Region, Basar, Arunachal Pradesh","Asia","LMIC","27.980252","94.691135000000003","No","""Crop intensification was measured by calculating land utilisation efficiency by dividing the total duration of respective cropping systems by the numbers of days in a year (365 days), expressed in percentage.""","Experiment (research station)","Researcher-led","Researcher-led","Rotation","Rotation",1,0,0,"Rotation","Existing farmers' practices, including mulch","Existing farmers' practices",NA,"Grain / Pea","Maize","Pea",0,0,0,0,0,0,0,0,0,1,"0",NA,"80-60-40 (Maize); 20-60-30 (pea)","Synthetic - below threshold","rainfed","1.6865671600000001","1.0533399999999999","NA","NA","NA","NA","1.408573104","NA","NA",1.18681,"NA","NA","NA","NA","NA","NA","1.8736692690000001","NA","NA","NA","1.7621621999999999","NA","NA","NA","NA",1.667,"NA","NA","Win-Mix","NA","NA","NA","NA","NA","NA","Yes (energy input highe but balanced by higher energy use efficiency of maize-legumes compared with maize-fallow)","NA","NA","Soil moisture content: ""growth of sequential crops depended solely on the moisture availability in the soil post rainy season""; mulch ""Crop yield was 18–35% higher under straw mulch than in the no-mulch condition""; Non-renewable energy sources (machinery, fuel)","NA","Renewable energy sources","Access to renewable energy",NA,"NA",NA,2,2,2,2,2,2,12
61,106,"Choudhary V.K., Kumar P.S.",2013,"Crop and water productivity, profitability and energy consumption pattern of a maize-based crop sequence in the North Eastern Himalayan Region, India","Choudhary, V. K., & Kumar, P. S. (2013). Crop and water productivity, profitability and energy consumption pattern of a maize-based crop sequence in the North Eastern Himalayan Region, India. Archives of Agronomy and Soil Science, 59(5), 653-669. doi:10.1080/03650340.2012.665992","Plot","Quantitative","Experiment (research station)","E/M","2008-2011","3","5","3","2","3","1","2-4","3-4","Yes","Yes","Extreme weather (drought), water scarcity","India","South Asia",2,"Research Farm of ICAR Research Complex for NEH Region, Basar, Arunachal Pradesh","Asia","LMIC","27.980252","94.691135000000003","No","""Crop intensification was measured by calculating land utilisation efficiency by dividing the total duration of respective cropping systems by the numbers of days in a year (365 days), expressed in percentage.""","Experiment (research station)","Researcher-led","Researcher-led","Rotation","Rotation",1,0,0,"Rotation","Existing farmers' practices, including mulch","Existing farmers' practices",NA,"Grain / Common bean","Maize","Common bean",0,0,0,0,0,0,0,1,0,0,"0",NA,"80-60-40 (Maize); 50-60-30 (bean)","Synthetic - below threshold","rainfed","1.9179104499999999","1.03525","NA","NA","NA","NA","1.46","NA","NA",1.24451,"NA","NA","NA","NA","NA","NA","2.499645138","NA","NA","NA","1.7513513999999999","NA","NA","NA","NA",1.9,"NA","NA","Win-Mix","NA","NA","NA","NA","NA","NA","Yes (energy input highe but balanced by higher energy use efficiency of maize-legumes compared with maize-fallow)","NA","NA","Soil moisture content: ""growth of sequential crops depended solely on the moisture availability in the soil post rainy season""; mulch ""Crop yield was 18–35% higher under straw mulch than in the no-mulch condition""; Non-renewable energy sources (machinery, fuel)","NA","Renewable energy sources","Access to renewable energy",NA,"NA",NA,2,2,2,2,2,2,12
62,106,"Choudhary V.K., Kumar P.S.",2013,"Crop and water productivity, profitability and energy consumption pattern of a maize-based crop sequence in the North Eastern Himalayan Region, India","Choudhary, V. K., & Kumar, P. S. (2013). Crop and water productivity, profitability and energy consumption pattern of a maize-based crop sequence in the North Eastern Himalayan Region, India. Archives of Agronomy and Soil Science, 59(5), 653-669. doi:10.1080/03650340.2012.665992","Plot","Quantitative","Experiment (research station)","E/M","2008-2011","3","5","3","2","3","1","2-4","3-4","Yes","Yes","Extreme weather (drought), water scarcity","India","South Asia",2,"Research Farm of ICAR Research Complex for NEH Region, Basar, Arunachal Pradesh","Asia","LMIC","27.980252","94.691135000000003","No","""Crop intensification was measured by calculating land utilisation efficiency by dividing the total duration of respective cropping systems by the numbers of days in a year (365 days), expressed in percentage.""","Experiment (research station)","Researcher-led","Researcher-led","Rotation","Rotation",1,0,0,"Rotation","Existing farmers' practices, including mulch","Existing farmers' practices",NA,"Grain / Groundnut","Maize","Groundnut",0,0,1,0,0,0,0,0,0,0,"0",NA,"80-60-40 (Maize); 20-60-30 (groundnut)","Synthetic - below threshold","rainfed","1.7835820899999999","1.07335","NA","NA","NA","NA","1.28","NA","NA",1.33516,"NA","NA","NA","NA","NA","NA","1.9215755859999999","NA","NA","NA","1.8891891999999999","NA","NA","NA","NA",1.733,"NA","NA","Win-Mix","NA","NA","NA","NA","NA","NA","Yes (energy input highe but balanced by higher energy use efficiency of maize-legumes compared with maize-fallow)","NA","NA","Soil moisture content: ""growth of sequential crops depended solely on the moisture availability in the soil post rainy season""; mulch ""Crop yield was 18–35% higher under straw mulch than in the no-mulch condition""; Non-renewable energy sources (machinery, fuel)","NA","Renewable energy sources","Access to renewable energy",NA,"NA",NA,2,2,2,2,2,2,12
