"uniqueID","StudyID_IDALL","Authors","Year","Title","Citation","Unit_analysis","Study_design","Case_countries","Continent","Worldbank_national_income_group","Synthetic_fertiliser_category","Water_source","Biodiv_services_average_percent_transf","Biodiv_services_average","Biodiversity_composition_spp_occurrence_abunndance","Biodiversity_structure_habitat","Biodiversity_functions_processes_soil_organic_carbon","Recoded_spect_of_function","Nonecon_wellbeing_average_percent_transf","Nonecon_wellbeing_average","Natural_capital","Health","Education","Social_cultural_relations","Food_security","Employment","Justice","Property_rights","Combined_ecological_social_outcome"
32,56,"Banjara T.R., Bohra J.S., Kumar S., Singh T., Shori A., Prajapat K.",2021,"Sustainable alternative crop rotations to the irrigated rice-wheat cropping system of Indo-Gangetic plains of India","Banjara, T. R., Bohra, J. S., Kumar, S., Singh, T., Shori, A., & Prajapat, K. (2021). Sustainable alternative crop rotations to the irrigated rice-wheat cropping system of Indo-Gangetic plains of India. Archives of Agronomy and Soil Science. doi:10.1080/03650340.2021.1912324","Plot","Experiment (research station)","India","Asia","LMIC","Synthetic - below threshold","irrigation",7.90123,1.0790123,"NA","NA",1.0790123,"Carbon",47.26776,1.4726776,"Positive","NA","NA","NA","NA","1.4726775999999999","NA","NA","Mix-Win"
40,778,"Beres, B. L., Lupwayi, N. Z., Larney, F. J., Ellert, B., Smith, E. G., Turkington, T. K., Pageau, D., Semagn, K., & Wang, Z. (2018, Dec).",2018,"Rotational Diversity Effects in a Triticale-based Cropping System","Beres, B. L., Lupwayi, N. Z., Larney, F. J., Ellert, B., Smith, E. G., Turkington, T. K., . . . Wang, Z. (2018). Rotational Diversity Effects in a Triticale-based Cropping System. Cereal Research Communications, 46(4), 717-728. doi:10.1556/0806.46.2018.051","Plot","Experiment (research station)","Canada","North America","HIC","Unknown","irrigation",25.8501550757485,1.25850155075749,"1.4377951807228915","NA",1.07920792079208,"Carbon",3.03983228511531,1.03039832285115,"NA","1.0303983228511531","NA","NA","NA","NA","NA","NA","Win-Win"
41,778,"Beres, B. L., Lupwayi, N. Z., Larney, F. J., Ellert, B., Smith, E. G., Turkington, T. K., Pageau, D., Semagn, K., & Wang, Z. (2018, Dec).",2018,"Rotational Diversity Effects in a Triticale-based Cropping System","Beres, B. L., Lupwayi, N. Z., Larney, F. J., Ellert, B., Smith, E. G., Turkington, T. K., . . . Wang, Z. (2018). Rotational Diversity Effects in a Triticale-based Cropping System. Cereal Research Communications, 46(4), 717-728. doi:10.1556/0806.46.2018.052","Plot","Experiment (research station)","Canada","North America","HIC","Unknown","irrigation",14.2992544435167,1.14299254443517,"1.3206385542168677","NA",0.965346534653465,"Carbon",3.14465408805031,1.0314465408805,"NA","1.0314465408805031","NA","NA","NA","NA","NA","NA","Mix-Win"
53,99,"Chauhan D.S., Sharma R.K., Kharub A.S., Tripathi S.C., Chhokar R.S.",2001,"Effect of crop intensification on productivity, profitability, energetics and soil fertility in rice (Oryza sativa)-wheat (Triticum aestivum) cropping system of north-western plains","Chauhan, D. S., Sharma, R. K., Kharub, A. S., Tripathi, S. C., & Chhokar, R. S. (2001). Effect of crop intensification on productivity, profitability, energetics and soil fertility in rice (Oryza sativa)-wheat (Triticum aestivum) cropping system of north-western plains. Indian Journal of Agricultural Sciences, 71(5), 299-302.","Plot","Experiment (research station)","India","Asia","LMIC","No synthetic","irrigation",8.92857,1.0892857,"NA","NA",1.0892857,"Carbon",3.7741,1.037741,"1.037741","NA","NA","NA","NA","NA","NA","NA","Win-Mix"
54,99,"Chauhan D.S., Sharma R.K., Kharub A.S., Tripathi S.C., Chhokar R.S.",2001,"Effect of crop intensification on productivity, profitability, energetics and soil fertility in rice (Oryza sativa)-wheat (Triticum aestivum) cropping system of north-western plains","Chauhan, D. S., Sharma, R. K., Kharub, A. S., Tripathi, S. C., & Chhokar, R. S. (2001). Effect of crop intensification on productivity, profitability, energetics and soil fertility in rice (Oryza sativa)-wheat (Triticum aestivum) cropping system of north-western plains. Indian Journal of Agricultural Sciences, 71(5), 299-302.","Plot","Experiment (research station)","India","Asia","LMIC","No synthetic","irrigation",6.63265,1.0663265,"NA","NA",1.0663265,"Carbon",28.30579,1.2830579,"1.2830579","NA","NA","NA","NA","NA","NA","NA","Mix-Mix"
78,154,"Dwivedi A., Singh A., Tomar S.S., Bankoti P., Singh O., Kumar K.",2016,"Interaction effect of maize and mashbean intercropping on sustainable production system in subtropical Zone of India","Dwivedi, A., Singh, A., Tomar, S. S., Bankoti, P., Singh, O., & Kumar, K. (2016). Interaction effect of maize and mashbean intercropping on sustainable production system in subtropical Zone of India. Nature Environment and Pollution Technology, 15(2), 661-665.","Plot","Experiment (research station)","India","Asia","LMIC","Synthetic - below threshold","irrigation",0,1,"NA","NA",1,"Carbon",0,1,"NA","1","NA","NA","NA","NA","NA","NA","Mix-Mix"
90,195,"Ghosh P.K., Hazra K.K., Venkatesh M.S., Praharaj C.S., Kumar N., Nath C.P., Singh U., Singh S.S.",2020,"Grain legume inclusion in cereal-cereal rotation increased base crop productivity in the long run","Ghosh, P. K., Hazra, K. K., Venkatesh, M. S., Praharaj, C. S., Kumar, N., Nath, C. P., . . . Singh, S. S. (2020). Grain legume inclusion in cereal-cereal rotation increased base crop productivity in the long run. Experimental Agriculture, 56(1), 142-158. doi:10.1017/s0014479719000243","Plot","Experiment (research station)","India","Asia","LMIC","Synthetic - below threshold","irrigation",24,1.24,"NA","NA",1.24,"Carbon",0,1,"NA","NA","NA","NA","1","NA","NA","NA","Win-Mix"
92,195,"Ghosh P.K., Hazra K.K., Venkatesh M.S., Praharaj C.S., Kumar N., Nath C.P., Singh U., Singh S.S.",2020,"Grain legume inclusion in cereal-cereal rotation increased base crop productivity in the long run","Ghosh, P. K., Hazra, K. K., Venkatesh, M. S., Praharaj, C. S., Kumar, N., Nath, C. P., . . . Singh, S. S. (2020). Grain legume inclusion in cereal-cereal rotation increased base crop productivity in the long run. Experimental Agriculture, 56(1), 142-158. doi:10.1017/s0014479719000243","Plot","Experiment (research station)","India","Asia","LMIC","Synthetic - below threshold","irrigation",19.2,1.192,"NA","NA",1.192,"Carbon",0,1,"NA","NA","NA","NA","1","NA","NA","NA","Win-Mix"
113,251,"Islami T., Guritno B., Utomo W.H.",2011,"Performance of cassava (Manihot esculenta Crantz) based cropping systems and associated soil quality changes in the degraded tropical uplands of East Java, Indonesia","Islami, T., Guritno, B., & Utomo, W. H. (2011). Performance of cassava (Manihot esculenta Crantz) based cropping systems and associated soil quality changes in the degraded tropical uplands of East Java, Indonesia. Journal of Tropical Agriculture, 49, 31-39.","Plot","Experiment (on farm)","Indonesia","Asia","LMIC","Synthetic - below threshold","irrigation",17.67435,1.1767435,"NA","NA",1.1767435,"Carbon",30,1.3,"1.6","NA","NA","NA","NA","1","NA","NA","Mix-Mix"
114,251,"Islami T., Guritno B., Utomo W.H.",2011,"Performance of cassava (Manihot esculenta Crantz) based cropping systems and associated soil quality changes in the degraded tropical uplands of East Java, Indonesia","Islami, T., Guritno, B., & Utomo, W. H. (2011). Performance of cassava (Manihot esculenta Crantz) based cropping systems and associated soil quality changes in the degraded tropical uplands of East Java, Indonesia. Journal of Tropical Agriculture, 49, 31-39.","Plot","Experiment (on farm)","Indonesia","Asia","LMIC","Synthetic - below threshold","irrigation",-3.2949,0.967051,"NA","NA",0.967051,"Carbon",22.5,1.225,"1.45","NA","NA","NA","NA","1","NA","NA","Mix-Mix"
115,251,"Islami T., Guritno B., Utomo W.H.",2011,"Performance of cassava (Manihot esculenta Crantz) based cropping systems and associated soil quality changes in the degraded tropical uplands of East Java, Indonesia","Islami, T., Guritno, B., & Utomo, W. H. (2011). Performance of cassava (Manihot esculenta Crantz) based cropping systems and associated soil quality changes in the degraded tropical uplands of East Java, Indonesia. Journal of Tropical Agriculture, 49, 31-39.","Plot","Experiment (on farm)","Indonesia","Asia","LMIC","Synthetic - below threshold","irrigation",4.80877,1.0480877,"NA","NA",1.0480877,"Carbon",29.5,1.295,"1.59","NA","NA","NA","NA","1","NA","NA","Mix-Mix"
116,251,"Islami T., Guritno B., Utomo W.H.",2011,"Performance of cassava (Manihot esculenta Crantz) based cropping systems and associated soil quality changes in the degraded tropical uplands of East Java, Indonesia","Islami, T., Guritno, B., & Utomo, W. H. (2011). Performance of cassava (Manihot esculenta Crantz) based cropping systems and associated soil quality changes in the degraded tropical uplands of East Java, Indonesia. Journal of Tropical Agriculture, 49, 31-39.","Plot","Experiment (on farm)","Indonesia","Asia","LMIC","Synthetic - below threshold","irrigation",12.30784,1.1230784,"NA","NA",1.1230784,"Carbon",25,1.25,"1.5","NA","NA","NA","NA","1","NA","NA","Mix-Mix"
117,251,"Islami T., Guritno B., Utomo W.H.",2011,"Performance of cassava (Manihot esculenta Crantz) based cropping systems and associated soil quality changes in the degraded tropical uplands of East Java, Indonesia","Islami, T., Guritno, B., & Utomo, W. H. (2011). Performance of cassava (Manihot esculenta Crantz) based cropping systems and associated soil quality changes in the degraded tropical uplands of East Java, Indonesia. Journal of Tropical Agriculture, 49, 31-39.","Plot","Experiment (on farm)","Indonesia","Asia","LMIC","Synthetic - below threshold","irrigation",17.67435,1.1767435,"NA","NA",1.1767435,"Carbon",19,1.19,"1.38","NA","NA","NA","NA","1","NA","NA","Win-Mix"
118,251,"Islami T., Guritno B., Utomo W.H.",2011,"Performance of cassava (Manihot esculenta Crantz) based cropping systems and associated soil quality changes in the degraded tropical uplands of East Java, Indonesia","Islami, T., Guritno, B., & Utomo, W. H. (2011). Performance of cassava (Manihot esculenta Crantz) based cropping systems and associated soil quality changes in the degraded tropical uplands of East Java, Indonesia. Journal of Tropical Agriculture, 49, 31-39.","Plot","Experiment (on farm)","Indonesia","Asia","LMIC","Synthetic - below threshold","irrigation",-3.2949,0.967051,"NA","NA",0.967051,"Carbon",22,1.22,"1.44","NA","NA","NA","NA","1","NA","NA","Mix-Mix"
119,251,"Islami T., Guritno B., Utomo W.H.",2011,"Performance of cassava (Manihot esculenta Crantz) based cropping systems and associated soil quality changes in the degraded tropical uplands of East Java, Indonesia","Islami, T., Guritno, B., & Utomo, W. H. (2011). Performance of cassava (Manihot esculenta Crantz) based cropping systems and associated soil quality changes in the degraded tropical uplands of East Java, Indonesia. Journal of Tropical Agriculture, 49, 31-39.","Plot","Experiment (on farm)","Indonesia","Asia","LMIC","Synthetic - below threshold","irrigation",4.80877,1.0480877,"NA","NA",1.0480877,"Carbon",19.5,1.195,"1.39","NA","NA","NA","NA","1","NA","NA","Mix-Mix"
120,251,"Islami T., Guritno B., Utomo W.H.",2011,"Performance of cassava (Manihot esculenta Crantz) based cropping systems and associated soil quality changes in the degraded tropical uplands of East Java, Indonesia","Islami, T., Guritno, B., & Utomo, W. H. (2011). Performance of cassava (Manihot esculenta Crantz) based cropping systems and associated soil quality changes in the degraded tropical uplands of East Java, Indonesia. Journal of Tropical Agriculture, 49, 31-39.","Plot","Experiment (on farm)","Indonesia","Asia","LMIC","Synthetic - below threshold","irrigation",12.30784,1.1230784,"NA","NA",1.1230784,"Carbon",20,1.2,"1.4","NA","NA","NA","NA","1","NA","NA","Win-Mix"
121,251,"Islami T., Guritno B., Utomo W.H.",2011,"Performance of cassava (Manihot esculenta Crantz) based cropping systems and associated soil quality changes in the degraded tropical uplands of East Java, Indonesia","Islami, T., Guritno, B., & Utomo, W. H. (2011). Performance of cassava (Manihot esculenta Crantz) based cropping systems and associated soil quality changes in the degraded tropical uplands of East Java, Indonesia. Journal of Tropical Agriculture, 49, 31-39.","Plot","Experiment (on farm)","Indonesia","Asia","LMIC","Synthetic - below threshold","irrigation",17.67435,1.1767435,"NA","NA",1.1767435,"Carbon",30,1.3,"1.6","NA","NA","NA","NA","1","NA","NA","Win-Mix"
122,251,"Islami T., Guritno B., Utomo W.H.",2011,"Performance of cassava (Manihot esculenta Crantz) based cropping systems and associated soil quality changes in the degraded tropical uplands of East Java, Indonesia","Islami, T., Guritno, B., & Utomo, W. H. (2011). Performance of cassava (Manihot esculenta Crantz) based cropping systems and associated soil quality changes in the degraded tropical uplands of East Java, Indonesia. Journal of Tropical Agriculture, 49, 31-39.","Plot","Experiment (on farm)","Indonesia","Asia","LMIC","Synthetic - below threshold","irrigation",-3.2949,0.967051,"NA","NA",0.967051,"Carbon",22,1.22,"1.44","NA","NA","NA","NA","1","NA","NA","Mix-Mix"
123,251,"Islami T., Guritno B., Utomo W.H.",2011,"Performance of cassava (Manihot esculenta Crantz) based cropping systems and associated soil quality changes in the degraded tropical uplands of East Java, Indonesia","Islami, T., Guritno, B., & Utomo, W. H. (2011). Performance of cassava (Manihot esculenta Crantz) based cropping systems and associated soil quality changes in the degraded tropical uplands of East Java, Indonesia. Journal of Tropical Agriculture, 49, 31-39.","Plot","Experiment (on farm)","Indonesia","Asia","LMIC","Synthetic - below threshold","irrigation",4.80877,1.0480877,"NA","NA",1.0480877,"Carbon",25,1.25,"1.5","NA","NA","NA","NA","1","NA","NA","Mix-Mix"
124,251,"Islami T., Guritno B., Utomo W.H.",2011,"Performance of cassava (Manihot esculenta Crantz) based cropping systems and associated soil quality changes in the degraded tropical uplands of East Java, Indonesia","Islami, T., Guritno, B., & Utomo, W. H. (2011). Performance of cassava (Manihot esculenta Crantz) based cropping systems and associated soil quality changes in the degraded tropical uplands of East Java, Indonesia. Journal of Tropical Agriculture, 49, 31-39.","Plot","Experiment (on farm)","Indonesia","Asia","LMIC","Synthetic - below threshold","irrigation",12.30784,1.1230784,"NA","NA",1.1230784,"Carbon",28,1.28,"1.56","NA","NA","NA","NA","1","NA","NA","Win-Mix"
147,295,"Khokhar A., Yousuf A., Singh M., Sharma V., Sandhu P.S., Chary G.R.",2021,"Impact of land configuration and strip-intercropping on runoff, soil loss and crop yields under rainfed conditions in the shivalik foothills of north-west, india","Khokhar, A., Yousuf, A., Singh, M., Sharma, V., Sandhu, P. S., & Chary, G. R. (2021). Impact of land configuration and strip-intercropping on runoff, soil loss and crop yields under rainfed conditions in the shivalik foothills of north-west, india. Sustainability (Switzerland), 13(11). doi:10.3390/su13116282","Plot","Experiment (on farm)","India","Asia","LMIC","Synthetic - below threshold","rainfed",75.80645,1.7580645,"NA","NA",1.7580645,"Energy flows",17.94444,1.1794444,"1.1794443999999999","NA","NA","NA","NA","NA","NA","NA","Mix-Mix"
164,356,"MacWilliam S., Wismer M., Kulshreshtha S.",2014,"Life cycle and economic assessment of Western Canadian pulse systems: The inclusion of pulses in crop rotations","MacWilliam, S., Wismer, M., & Kulshreshtha, S. (2014). Life cycle and economic assessment of Western Canadian pulse systems: The inclusion of pulses in crop rotations. Agricultural Systems, 123, 43-53. doi:10.1016/j.agsy.2013.08.009","Functional unit (one tonne of grain)","Simulation model (LCA)","Canada","North America","HIC","Synthetic - below threshold","rainfed",3.50000000000001,1.035,"NA","1.06",1.01,"Habitat quality",23,1.23,"NA","1.23","NA","NA","NA","NA","NA","NA","Win-Mix"
165,356,"MacWilliam S., Wismer M., Kulshreshtha S.",2014,"Life cycle and economic assessment of Western Canadian pulse systems: The inclusion of pulses in crop rotations","MacWilliam, S., Wismer, M., & Kulshreshtha, S. (2014). Life cycle and economic assessment of Western Canadian pulse systems: The inclusion of pulses in crop rotations. Agricultural Systems, 123, 43-53. doi:10.1016/j.agsy.2013.08.009","Functional unit (one tonne of grain)","Simulation model (LCA)","Canada","North America","HIC","Synthetic - below threshold","rainfed",17,1.17,"NA","1.17",1.17,"Habitat quality",19,1.19,"NA","1.19","NA","NA","NA","NA","NA","NA","Win-Mix"
174,384,"Mhlanga B., Mwila M., Thierfelder C.",2021,"Improved nutrition and resilience will make conservation agriculture more attractive for Zambian smallholder farmers","Mhlanga, B., Mwila, M., & Thierfelder, C. (2021). Improved nutrition and resilience will make conservation agriculture more attractive for Zambian smallholder farmers. Renewable Agriculture and Food Systems, 1-14. doi:10.1017/s1742170521000028","Field","Experiment (on farm)","Zambia","Africa","LIC","Synthetic - below threshold","rainfed",44.8979591836735,1.44897959183673,"NA","NA",1.44897959183673,"Carbon",0,1,"NA","Mixed","NA","NA","1","NA","NA","NA","Win-Mix"
292,539,"Sharma A.R., Behera U.K.",2009,"Recycling of legume residues for nitrogen economy and higher productivity in maize (Zea mays)-wheat (Triticum aestivum) cropping system","Sharma, A., Sharma, J. J., Rana, M. C., & Sood, S. (2006). Evaluation of Phaseolus vulgaris as intercrop with vegetables for enhancing productivity system and profitability under high hill dry temperate conditions of north-western Himalayas. Indian Journal of Agricultural Sciences, 76(1), 29-32.","Plot","Experiment (research station)","India","Asia","LMIC","Synthetic - below threshold","irrigation",-4.5131,0.954869,"NA","NA",0.954869,"Carbon",23,1.23,"1.23","NA","NA","NA","NA",NA,"NA","NA","Mix-Mix"
293,539,"Sharma A.R., Behera U.K.",2009,"Recycling of legume residues for nitrogen economy and higher productivity in maize (Zea mays)-wheat (Triticum aestivum) cropping system","Sharma, A., Sharma, J. J., Rana, M. C., & Sood, S. (2006). Evaluation of Phaseolus vulgaris as intercrop with vegetables for enhancing productivity system and profitability under high hill dry temperate conditions of north-western Himalayas. Indian Journal of Agricultural Sciences, 76(1), 29-32.","Plot","Experiment (research station)","India","Asia","LMIC","Synthetic - below threshold","irrigation",2.61282660332542,1.02612826603325,"NA","NA",1.02612826603325,"Carbon",23,1.23,"1.23","NA","NA","NA","NA",NA,"NA","NA","Win-Mix"
294,539,"Sharma A.R., Behera U.K.",2009,"Recycling of legume residues for nitrogen economy and higher productivity in maize (Zea mays)-wheat (Triticum aestivum) cropping system","Sharma, A., Sharma, J. J., Rana, M. C., & Sood, S. (2006). Evaluation of Phaseolus vulgaris as intercrop with vegetables for enhancing productivity system and profitability under high hill dry temperate conditions of north-western Himalayas. Indian Journal of Agricultural Sciences, 76(1), 29-32.","Plot","Experiment (research station)","India","Asia","LMIC","Synthetic - below threshold","irrigation",5.70071258907363,1.05700712589074,"NA","NA",1.05700712589074,"Carbon",24,1.24,"1.24","NA","NA","NA","NA",NA,"NA","NA","Win-Mix"
295,539,"Sharma A.R., Behera U.K.",2009,"Recycling of legume residues for nitrogen economy and higher productivity in maize (Zea mays)-wheat (Triticum aestivum) cropping system","Sharma, A., Sharma, J. J., Rana, M. C., & Sood, S. (2006). Evaluation of Phaseolus vulgaris as intercrop with vegetables for enhancing productivity system and profitability under high hill dry temperate conditions of north-western Himalayas. Indian Journal of Agricultural Sciences, 76(1), 29-32.","Plot","Experiment (research station)","India","Asia","LMIC","Synthetic - below threshold","irrigation",7.36342042755345,1.07363420427553,"NA","NA",1.07363420427553,"Carbon",8.00000000000001,1.08,"1.08","NA","NA","NA","NA",NA,"NA","NA","Win-Mix"
296,539,"Sharma A.R., Behera U.K.",2009,"Recycling of legume residues for nitrogen economy and higher productivity in maize (Zea mays)-wheat (Triticum aestivum) cropping system","Sharma, A., Sharma, J. J., Rana, M. C., & Sood, S. (2006). Evaluation of Phaseolus vulgaris as intercrop with vegetables for enhancing productivity system and profitability under high hill dry temperate conditions of north-western Himalayas. Indian Journal of Agricultural Sciences, 76(1), 29-32.","Plot","Experiment (research station)","India","Asia","LMIC","Synthetic - below threshold","irrigation",4.51306413301662,1.04513064133017,"NA","NA",1.04513064133017,"Carbon",6.00000000000001,1.06,"1.06","NA","NA","NA","NA",NA,"NA","NA","Win-Mix"
306,560,"Singh A., Tanwar S.P.S., Meghwal P.R., Saxena A., Kumar M.",2018,"Assessing productivity and profitability of a rejuvenated ber (Ziziphus mauritiana) based agri-horti system under arid rainfed conditions","Singh, A., Tanwar, S. P. S., Meghwal, P. R., Saxena, A., & Kumar, M. (2018). Assessing productivity and profitability of a rejuvenated ber (Ziziphus mauritiana) based agri-horti system under arid rainfed conditions. Indian Journal of Agricultural Sciences, 88(4), 573-578.","Plot","Experiment (research station)","India","Asia","LMIC","No synthetic","rainfed",3.4653,1.034653,"NA","NA",1.034653,"Carbon",90,1.9,"1.9","NA","NA","NA","NA",NA,"NA","NA","Win-Win"
323,583,"Snapp S.S., Blackie M.J., Gilbert R.A., Bezner-Kerr R., Kanyama-Phiri G.Y.",2010,"Biodiversity can support a greener revolution in Africa","Snapp, S. S., Blackie, M. J., Gilbert, R. A., Bezner-Kerr, R., & Kanyama-Phiri, G. Y. (2010). Biodiversity can support a greener revolution in Africa. Proc Natl Acad Sci U S A, 107(48), 20840-20845. doi:10.1073/pnas.1007199110","Plot","Experiment (on farm)","Malawi","Africa","LIC","Synthetic - below threshold","rainfed",0,1,"NA","NA",1,"Carbon",44.166665,1.44166665,"NA","1.55","NA","NA","1.3333333000000001",NA,"NA","NA","Mix-Win"
324,583,"Snapp S.S., Blackie M.J., Gilbert R.A., Bezner-Kerr R., Kanyama-Phiri G.Y.",2010,"Biodiversity can support a greener revolution in Africa","Snapp, S. S., Blackie, M. J., Gilbert, R. A., Bezner-Kerr, R., & Kanyama-Phiri, G. Y. (2010). Biodiversity can support a greener revolution in Africa. Proc Natl Acad Sci U S A, 107(48), 20840-20845. doi:10.1073/pnas.1007199111","Plot","Experiment (on farm)","Malawi","Africa","LIC","Synthetic - below threshold","rainfed",5.47945000000001,1.0547945,"NA","NA",1.0547945,"Carbon",2.77778,1.0277778,"NA","1","NA","NA","1.0555555999999999",NA,"NA","NA","Mix-Mix"
326,583,"Snapp S.S., Blackie M.J., Gilbert R.A., Bezner-Kerr R., Kanyama-Phiri G.Y.",2010,"Biodiversity can support a greener revolution in Africa","Snapp, S. S., Blackie, M. J., Gilbert, R. A., Bezner-Kerr, R., & Kanyama-Phiri, G. Y. (2010). Biodiversity can support a greener revolution in Africa. Proc Natl Acad Sci U S A, 107(48), 20840-20845. doi:10.1073/pnas.1007199113","Plot","Experiment (on farm)","Malawi","Africa","LIC","Synthetic - below threshold","rainfed",-7.57576,0.9242424,"NA","NA",0.9242424,"Carbon",10.61321,1.1061321,"NA","1.25","NA","NA","0.96226420000000001",NA,"NA","NA","Mix-Mix"
328,582,"Snapp S.S., Grabowski P., Chikowo R., Smith A., Anders E., Sirrine D., Chimonyo V., Bekunda M.",2018,"Maize yield and profitability tradeoffs with social, human and environmental performance: Is sustainable intensification feasible?","Snapp, S. S., Grabowski, P., Chikowo, R., Smith, A., Anders, E., Sirrine, D., . . . Bekunda, M. (2018). Maize yield and profitability tradeoffs with social, human and environmental performance: Is sustainable intensification feasible? Agricultural Systems, 162, 77-88. doi:10.1016/j.agsy.2018.01.012","Plot","Experiment (on farm)","Malawi","Africa","LIC","Synthetic - below threshold","rainfed",13.75668,1.1375668,"NA","NA",1.1375668,"Carbon",6.59115000000001,1.0659115,"NA","NA","NA","NA","1.6392857000000001",NA,"0.49253730000000001","NA","Win-Mix"
329,582,"Snapp S.S., Grabowski P., Chikowo R., Smith A., Anders E., Sirrine D., Chimonyo V., Bekunda M.",2018,"Maize yield and profitability tradeoffs with social, human and environmental performance: Is sustainable intensification feasible?","Snapp, S. S., Grabowski, P., Chikowo, R., Smith, A., Anders, E., Sirrine, D., . . . Bekunda, M. (2018). Maize yield and profitability tradeoffs with social, human and environmental performance: Is sustainable intensification feasible? Agricultural Systems, 162, 77-88. doi:10.1016/j.agsy.2018.01.013","Plot","Experiment (on farm)","Malawi","Africa","LIC","Synthetic - below threshold","rainfed",12.52909,1.1252909,"NA","NA",1.1252909,"Carbon",28.51812,1.2851812,"NA","NA","NA","NA","1.9285714",NA,"0.641791","NA","Win-Mix"
330,582,"Snapp S.S., Grabowski P., Chikowo R., Smith A., Anders E., Sirrine D., Chimonyo V., Bekunda M.",2018,"Maize yield and profitability tradeoffs with social, human and environmental performance: Is sustainable intensification feasible?","Snapp, S. S., Grabowski, P., Chikowo, R., Smith, A., Anders, E., Sirrine, D., . . . Bekunda, M. (2018). Maize yield and profitability tradeoffs with social, human and environmental performance: Is sustainable intensification feasible? Agricultural Systems, 162, 77-88. doi:10.1016/j.agsy.2018.01.014","Plot","Experiment (on farm)","Malawi","Africa","LIC","Synthetic - below threshold","rainfed",9.77753999999999,1.0977754,"NA","NA",1.0977754,"Carbon",217.14015,3.1714015,"NA","NA","NA","NA","4.3125",NA,"2.030303","NA","Win-Win"
331,582,"Snapp S.S., Grabowski P., Chikowo R., Smith A., Anders E., Sirrine D., Chimonyo V., Bekunda M.",2018,"Maize yield and profitability tradeoffs with social, human and environmental performance: Is sustainable intensification feasible?","Snapp, S. S., Grabowski, P., Chikowo, R., Smith, A., Anders, E., Sirrine, D., . . . Bekunda, M. (2018). Maize yield and profitability tradeoffs with social, human and environmental performance: Is sustainable intensification feasible? Agricultural Systems, 162, 77-88. doi:10.1016/j.agsy.2018.01.015","Plot","Experiment (on farm)","Malawi","Africa","LIC","Synthetic - below threshold","rainfed",6.80463,1.0680463,"NA","NA",1.0680463,"Carbon",210.132575,3.10132575,"NA","NA","NA","NA","4.6875",NA,"1.5151515","NA","Win-Win"
332,582,"Snapp S.S., Grabowski P., Chikowo R., Smith A., Anders E., Sirrine D., Chimonyo V., Bekunda M.",2018,"Maize yield and profitability tradeoffs with social, human and environmental performance: Is sustainable intensification feasible?","Snapp, S. S., Grabowski, P., Chikowo, R., Smith, A., Anders, E., Sirrine, D., . . . Bekunda, M. (2018). Maize yield and profitability tradeoffs with social, human and environmental performance: Is sustainable intensification feasible? Agricultural Systems, 162, 77-88. doi:10.1016/j.agsy.2018.01.016","Plot","Experiment (on farm)","Malawi","Africa","LIC","Synthetic - below threshold","rainfed",9.00814999999999,1.0900815,"NA","NA",1.0900815,"Carbon",300,4,"NA","NA","NA","NA","Positive",NA,"4","NA","Win-Win"
333,582,"Snapp S.S., Grabowski P., Chikowo R., Smith A., Anders E., Sirrine D., Chimonyo V., Bekunda M.",2018,"Maize yield and profitability tradeoffs with social, human and environmental performance: Is sustainable intensification feasible?","Snapp, S. S., Grabowski, P., Chikowo, R., Smith, A., Anders, E., Sirrine, D., . . . Bekunda, M. (2018). Maize yield and profitability tradeoffs with social, human and environmental performance: Is sustainable intensification feasible? Agricultural Systems, 162, 77-88. doi:10.1016/j.agsy.2018.01.017","Plot","Experiment (on farm)","Malawi","Africa","LIC","Synthetic - below threshold","rainfed",8.68973,1.0868973,"NA","NA",1.0868973,"Carbon",150,2.5,"NA","NA","NA","NA","Positive",NA,"2.5","NA","Win-Win"
341,609,"Telkar S.G., Singh A.K.",2018,"Productivity, profitability and soil biochemical properties in maize (Zea mays) and soybean (Glycine max) intercropping as influenced by population proportion of component crops","Telkar, S. G., & Singh, A. K. (2018). Productivity, profitability and soil biochemical properties in maize (Zea mays) and soybean (Glycine max) intercropping as influenced by population proportion of component crops. Indian Journal of Agricultural Sciences, 88(3), 458-462.","Plot","Experiment (research station)","India","Asia","LMIC","Synthetic - below threshold","rainfed",-13.1054,0.868946,"NA","NA",0.868946,"Carbon",14,1.14,"1.1399999999999999","NA","NA","NA","NA",NA,"NA","NA","Mix-Mix"
353,626,"Tripathi S.C., Singh R.P.",2008,"Effect of crop diversification on productivity and profitability of rice (Oryza sativa) - Wheat (triticum aestivum) cropping system","Tripathi, S. C., & Singh, R. P. (2008). Effect of crop diversification on productivity and profitability of rice (Oryza sativa) - Wheat (triticum aestivum) cropping system. Indian Journal of Agronomy, 53(1), 27-31.","Plot","Experiment (research station)","India","Asia","LMIC","Synthetic - below threshold","irrigation",13.125,1.13125,"NA","NA",1.13125,"Carbon",4.32533409972695,1.04325334099727,"1.0432533409972695","NA","NA","NA","NA",NA,"NA","NA","Win-Win"
354,626,"Tripathi S.C., Singh R.P.",2008,"Effect of crop diversification on productivity and profitability of rice (Oryza sativa) - Wheat (triticum aestivum) cropping system","Tripathi, S. C., & Singh, R. P. (2008). Effect of crop diversification on productivity and profitability of rice (Oryza sativa) - Wheat (triticum aestivum) cropping system. Indian Journal of Agronomy, 53(1), 27-31.","Plot","Experiment (research station)","India","Asia","LMIC","Synthetic - below threshold","irrigation",35.9375,1.359375,"NA","NA",1.359375,"Carbon",38.583129760023,1.38583129760023,"1.3858312976002298","NA","NA","NA","NA",NA,"NA","NA","Win-Win"
364,673,"Yadav M.R., Parihar C.M., Jat S.L., Singh A.K., Kumar R., Yadav R.K., Kuri B.R., Parihar M.D., Yadav B., Verma A.P., Jat M.L.",2017,"Long term effect of legume intensified crop rotations and tillage practices on productivity and profitability of maize vis-a-vis soil fertility in North-Western Indo-Gangetic Plains of India","Yadav, M. R., Parihar, C. M., Jat, S. L., Singh, A. K., Kumar, R., Yadav, R. K., . . . Jat, M. L. (2017). Long term effect of legume intensified crop rotations and tillage practices on productivity and profitability of maize vis-a-vis soil fertility in North-Western Indo-Gangetic Plains of India. Legume Research, 40(2), 282-290. doi:10.18805/1r.v0i0.7583","Plot","Experiment (research station)","India","Asia","LMIC","Synthetic - below threshold","irrigation",6.49029982363316,1.06490299823633,"NA","NA",1.06490299823633,"Carbon",6.66666666666667,1.06666666666667,"NA","1.0666666666666667","NA","NA","NA",NA,"NA","NA","Win-Mix"
368,682,"Yang X., Chen Y., Pacenka S., Gao W., Ma L., Wang G., Yan P., Sui P., Steenhuis T.S.",2015,"Effect of diversified crop rotations on groundwater levels and crop water productivity in the North China Plain","Yang, X., Chen, Y., Pacenka, S., Gao, W., Ma, L., Wang, G., . . . Steenhuis, T. S. (2015). Effect of diversified crop rotations on groundwater levels and crop water productivity in the North China Plain. Journal of Hydrology, 522, 428-438. doi:10.1016/j.jhydrol.2015.01.010","Plot","Experiment (on farm)","China","Asia","UMIC","Synthetic - below threshold","irrigation",5.97014925373134,1.05970149253731,"NA","NA",1.05970149253731,"Carbon",45.4545454545455,1.45454545454545,"1.4545454545454546","NA","NA","NA","NA",NA,"NA","NA","Win-Win"
